sym,name,rank,price_usd,price_btc,percent_change1h,percent_change1d,vol,last_up
BTC,1,2530.88,1.0,1.08304E9,4.1550279496E10,1.6417325E7,1.6417325E7,0.69,-0.87,-6.51,1498745050,2218.88323712,9.4952716096E8,3.6428127241E10
ETH,2,312.231,0.124046,1.92338E9,2.900180169E10,9.2885721E7,9.2885721E7,0.32,1.26,-8.0,1498745046,273.740411244,1.68627340712E9,2.5426575585E10
XRP,3,0.269029,1.0688E-4,1.16269E8,1.0301493766E10,3.829138779E10,9.9994608423E10,-0.38,-2.71,-9.67,1498745040,0.235864181,1.01935822756E8,9.03156682E9
LTC,4,41.0893,0.0163244,3.0486E8,2.126970454E9,5.1764582E7,5.1764582E7,0.45,-2.5,-14.38,1498745041,36.0239754532,2.6727807864E8,1.864766045E9
ETC,5,18.9048,0.00751072,1.33709E8,1.759432645E9,9.3068038E7,9.3068038E7,0.36,-2.64,-8.06,1498745048,16.5742918752,1.17225889316E8,1.542536826E9
XEM,6,0.161941,6.434E-5,7615770.0,1.457469E9,8.999999999E9,8.999999999E9,0.17,-5.85,-12.76,1498745045,0.1419775613,6676928.33748,1.277798051E9
DASH,7,179.05,0.0711348,3.37417E7,1.323464181E9,7391590.0,7391590.0,0.74,-3.21,-0.78,1498745055,156.9774322,2.95821581908E7,1.160312811E9
MIOTA,8,0.389987,1.5494E-4,3766040.0,1.083980676E9,2.779530283E9,2.779530283E9,1.5,2.71,-6.96,1498745055,0.3419109626,3301777.65296,9.50351875E8
XMR,9,45.3079,0.0180004,1.17095E7,6.66189467E8,1.4703605E7,1.4703605E7,1.02,-0.33,-4.27,1498745043,39.7225233196,1.0265999678E7,5.84064295E8
BTS,10,0.2563,1.0183E-4,6.86514E7,6.65465009E8,2.59643E9,2.59643E9,0.79,-4.33,-17.86,1498745043,0.2247043612,6.01883300136E7,5.83429145E8
STRAT,11,6.42772,0.00255367,7451440.0,6.32766729E8,9.8443418E7,9.8443418E7,1.25,-6.92,-7.9,1498745048,5.6353363893,6532856.28256,5.54761778E8
ZEC,12,317.02,0.125949,2.69678E7,4.92155718E8,1552444.0,1552444.0,0.56,-5.75,-15.63,1498745050,277.93904248,2.36433174872E7,4.31484729E8
ANS,13,9.28488,0.0036888,7.11861E7,4.64244E8,5.0E7,1.0E8,2.83,10.99,26.56,1498745049,8.1402771331,6.24105623364E7,4.07013857E8
GNT,14,0.543563,2.1595E-4,8212320.0,4.52805373E8,8.33032E8,1.0E9,-0.01,-3.32,-6.93,1498745050,0.4765547276,7199938.03968,3.96985338E8
SC,15,0.0152328,6.05E-6,1.62518E7,4.16294266E8,2.7328807994E10,2.7328807994E10,0.94,-4.75,-19.04,1498745045,0.0133549613,1.42483431032E7,3.64975174E8
STEEM,16,1.76282,7.0035E-4,2766640.0,4.15167239E8,2.3551312E8,2.52487214E8,0.22,-6.86,-9.75,1498745051,1.5455066017,2425579.68736,3.63987082E8
BCN,17,0.0022486,8.9E-7,5096780.0,4.11660824E8,1.83074279128E11,1.83074279128E11,1.37,-1.51,-11.59,1498745046,0.0019714016,4468469.34872,3.60912924E8
WAVES,18,4.01526,0.00159523,2349710.0,4.01526E8,1.0E8,1.0E8,1.18,-5.17,-18.44,1498745048,3.5202748082,2060047.15004,3.52027481E8
ICN,19,4.17497,0.00165868,3891250.0,3.6322239E8,8.7E7,1.0E8,0.8,-8.11,-20.23,1498745049,3.6602963983,3411552.265,3.18445787E8
BCC,20,51.2878,0.0203762,2673860.0,3.48705538E8,6798996.0,6798996.0,0.34,-0.01,-0.33,1498745058,44.9652451672,2344237.23464,3.05718515E8
XLM,21,0.0298591,1.186E-5,1.56604E7,3.04365837E8,1.0193402902E10,1.03018989394E11,2.71,-2.34,-21.9,1498745043,0.0261781896,1.37298485296E7,2.66844834E8
REP,22,27.1617,0.0107911,2965260.0,2.987787E8,1.1E7,1.1E7,0.38,-0.93,-9.69,1498745057,23.8133142708,2599714.60824,2.61946457E8
LSK,23,2.72317,0.00108189,6785290.0,2.96655686E8,1.0893763E8,1.0893763E8,0.51,-5.86,-12.22,1498745047,2.3874684951,5948826.58996,2.6008516E8
DOGE,24,0.00265838,1.06E-6,7897700.0,2.92441753E8,1.10007505796E11,1.10007505796E11,0.92,-3.56,-13.49,1498745041,0.0023306655,6924103.1348,2.56390704E8
GNO,25,245.538,0.09755,3244030.0,2.71218819E8,1104590.0,1.0E7,11.22,16.86,12.83,1498745054,215.269057512,2844118.95772,2.37784048E8
GAME,26,3.77917,0.00150143,2366230.0,2.3930817E8,6.3322944E7,6.3322944E7,0.4,3.3,-9.79,1498745058,3.3132890391,2074530.63052,2.09807216E8
FCT,27,25.8367,0.0102647,4140170.0,2.26154293E8,8753219.0,8753219.0,0.89,-6.51,-12.38,1498745046,22.6516549708,3629786.40308,1.98274897E8
ARDR,28,0.222173,8.827E-5,5900460.0,2.21950715E8,9.98999495E8,9.98999495E8,0.65,0.6,-13.4,1498745048,0.1947844013,5173074.89304,1.94589518E8
GBYTE,29,847.219,0.336592,1227740.0,2.16457608E8,255492.0,1000000.0,2.82,9.38,14.9,1498745051,742.777230556,1076389.12376,1.8977358E8
MAID,30,0.471969,1.8751E-4,1860330.0,2.13590709E8,4.52552412E8,4.52552412E8,-0.93,-1.2,-4.7,1498745043,0.4137865496,1630995.95892,1.87260101E8
SNT,31,0.0555806,2.208E-5,2.58658E7,1.92891571E8,3.470483788E9,6.804870174E9,1.61,0.0,0.0,1498745056,0.048728846,2.26771676392E7,1.6911267E8
KMD,32,1.77607,7.0562E-4,432562.0,1.79286292E8,1.0094551E8,1.0094551E8,-0.68,-3.37,-5.91,1498745051,1.5571231947,379237.486888,1.57184595E8
DCR,33,33.7467,0.0134072,1160050.0,1.76019223E8,5215894.0,5635894.0,0.28,-7.8,-17.97,1498745047,29.5865418108,1017043.6762,1.54320277E8
DGB,34,0.0201062,7.99E-6,7264710.0,1.75363176E8,8.721845781E9,8.721845781E9,0.62,-7.33,-25.75,1498745041,0.0176275881,6369145.61004,1.53745105E8
NXT,35,0.166603,6.619E-5,8756210.0,1.66436394E8,9.98999983E8,9.98999983E8,1.08,-3.91,-1.85,1498745044,0.1460648486,7676779.45604,1.45918781E8
DGD,36,82.3127,0.0327021,906940.0,1.646254E8,2000000.0,2000000.0,-0.39,-6.78,-9.48,1498745047,72.1655195948,795136.06456,1.44331039E8
BAT,37,0.15629,6.209E-5,2229170.0,1.5629E8,1.0E9,1.5E9,1.8,-4.94,-14.33,1498745054,0.137023194,1954366.83908,1.37023194E8
1ST,38,1.81204,7.199E-4,1.86012E7,1.5503519E8,8.5558371E7,9.3468691E7,0.35,1.73,-8.37,1498745050,1.588658957,1.63081184688E7,1.35923072E8
USDT,39,1.02691,4.0798E-4,1.26155E8,1.48587536E8,1.44693825E8,1.64951556E8,0.68,1.19,5.25,1498745044,0.9003166428,1.1060311622E8,1.30270259E8
BNT,40,3.27222,0.00130002,6736570.0,1.33137468E8,4.06872E7,8.0198751E7,-0.28,-3.57,-82.44,1498745055,2.8688338073,5906112.59668,1.16724814E8
MGO,41,1.791,7.1155E-4,501576.0,1.2537E8,7.0E7,1.0E8,-0.97,-7.17,-9.01,1498745054,1.570212684,439743.717024,1.09914888E8
SNGLS,42,0.184235,7.319E-5,397127.0,1.10541E8,6.0E8,1.0E9,-1.51,-8.95,-3.35,1498745050,0.1615232461,348170.771948,9.6913948E7
SYS,43,0.18929,7.52E-5,1879650.0,9.9524631E7,5.25778598E8,5.25778598E8,1.12,-4.09,-14.22,1498745045,0.165955086,1647934.2666,8.7255632E7
PIVX,44,1.84976,7.3489E-4,439992.0,9.9393669E7,5.3733278E7,5.3733278E7,0.98,0.95,9.49,1498745047,1.6217289862,385751.546208,8.7140815E7
BTCD,45,75.0769,0.0298273,397456.0,9.6763777E7,1288862.0,1288862.0,-0.25,-4.15,-6.96,1498745043,65.8217200756,348459.214144,8.4835126E7
MCAP,46,4.70094,0.00186764,79212.8,9.3845965E7,1.9963234E7,1.0E8,0.62,0.62,-4.18,1498745054,4.1214269206,69447.7628672,8.227701E7
ANT,47,2.66414,0.00105844,1280990.0,8.952887E7,3.3605167E7,3.9609523E7,-2.43,0.64,-6.18,1498745054,2.3357154774,1123074.67676,7.8492109E7
UBQ,48,1.74747,6.9425E-4,430132.0,6.5211705E7,3.7317782E7,3.7317782E7,4.36,0.18,-14.11,1498745043,1.5320488883,377107.047568,5.7172667E7
EMC,49,1.57156,6.2437E-4,1227300.0,6.3360091E7,4.0316686E7,4.0316686E7,1.94,-2.58,-18.48,1498745043,1.3778243694,1076003.3652,5.5549312E7
PPC,50,2.5669,0.0010198,2553430.0,6.2061117E7,2.4177458E7,2.4177458E7,2.21,-1.42,9.94,1498745040,2.2504628356,2238653.36332,5.4410471E7
LKK,51,0.37779,1.5009E-4,919340.0,6.131964E7,1.62311442E8,1.28569E9,2.16,1.12,-4.57,1498745058,0.33121756,806007.44216,5.37604E7
ARK,52,0.623981,2.479E-4,465552.0,5.9837195E7,9.589586E7,1.2714586E8,2.87,4.86,-5.16,1498745052,0.5470591182,408160.611648,5.2460705E7
ROUND,53,0.0679861,2.701E-5,378414.0,5.7788185E7,8.5E8,1.0E9,0.43,-11.84,-15.84,1498745050,0.0596050455,331764.635736,5.0664289E7
NMR,54,44.7784,0.01779,4003370.0,5.4784188E7,1223451.0,2223451.0,-0.6,-13.87,0.0,1498745055,39.2582979616,3509850.55988,4.8030613E7
LEO,55,0.592948,2.3557E-4,177494.0,5.0867272E7,8.578707E7,9.4038425E7,-1.21,-4.38,11.34,1498745046,0.5198517424,155613.249656,4.4596558E7
RDD,56,0.00171108,6.8E-7,940025.0,4.8849453E7,2.8548900481E10,2.8548900481E10,3.05,0.4,-0.44,1498745042,0.0015001449,824142.4781,4.2827488E7
NXS,57,0.965621,3.8363E-4,200683.0,4.8814402E7,5.0552341E7,5.0552341E7,0.77,8.72,3.44,1498745044,0.8465831056,175943.602492,4.2796758E7
XAS,58,0.643192,2.5553E-4,1098820.0,4.82394E7,7.5E7,1.0E8,2.73,1.32,-17.72,1498745053,0.563901863,963361.86568,4.229264E7
CLOAK,59,9.45984,0.00375831,876061.0,4.777978E7,5050802.0,5050802.0,-2.7,-8.35,77.01,1498745043,8.2936687642,768063.704164,4.1889679E7
AMP,60,0.57534,2.2858E-4,1817830.0,4.7325353E7,8.2256324E7,9.49291063E8,6.65,-0.35,-11.22,1498745047,0.5044143862,1593735.18892,4.1491273E7
OBITS,61,2.84688,0.00113104,452319.0,4.6804699E7,1.64407E7,1.64437E7,1.86,19.49,40.32,1498745046,2.4959280211,396558.922956,4.1034803E7
MLN,62,78.0691,0.0310161,430962.0,4.6794619E7,599400.0,749400.0,0.9,1.48,-9.04,1498745052,68.4450536284,377834.728488,4.1025965E7
RLC,63,0.590198,2.3448E-4,308424.0,4.6667424E7,7.9070793E7,8.6999785E7,-1.55,-8.86,-14.5,1498745053,0.5174407514,270402.722976,4.0914451E7
EDG,64,0.566029,2.2488E-4,1317980.0,4.6268506E7,8.1742288E7,1.32046997E8,4.51,10.92,42.68,1498745053,0.496251209,1155504.69752,4.0564709E7
SJCX,65,0.896184,3.5605E-4,197767.0,4.5860553E7,5.1173144E7,5.0E8,-0.24,-3.41,-13.82,1498745043,0.7857060212,173387.075308,4.0207047E7
QRL,66,0.848779,3.3721E-4,675258.0,4.4136508E7,5.2E7,6.5E7,4.87,-10.73,-22.08,1498745055,0.74414492,592014.894792,3.8695536E7
LBC,67,0.635502,2.5248E-4,4753450.0,4.3547472E7,6.8524524E7,4.66424524E8,1.71,-8.87,-27.31,1498745050,0.5571598554,4167463.6978,3.8179114E7
WINGS,68,0.466074,1.8517E-4,438009.0,4.1810722E7,8.9708333E7,1.0E8,-0.3,-11.12,-15.94,1498745053,0.4086182616,384013.002516,3.6656463E7
XVG,69,0.00294779,1.17E-6,789016.0,3.9528308E7,1.340947228E10,1.340947228E10,1.93,-2.23,-0.73,1498745044,0.0025843982,691749.263584,3.4655417E7
MONA,70,0.745653,2.9624E-4,217997.0,3.861036E7,5.17806E7,5.17806E7,2.49,7.51,16.98,1498745042,0.6537318808,191123.201828,3.3850629E7
NMC,71,2.61079,0.00103724,2337570.0,3.8473646E7,1.47364E7,1.47364E7,1.94,-2.44,13.67,1498745040,2.288942252,2049403.72068,3.3730769E7
XCP,72,14.2362,0.00565592,415134.0,3.7278628E7,2618580.0,2618580.0,1.3,-4.33,-19.47,1498745045,12.4812182088,363957.941016,3.2683068E7
BAY,73,0.0365727,1.453E-5,351024.0,3.684976E7,1.007575609E9,1.007575609E9,-3.51,-13.98,7.92,1498745043,0.0320641638,307751.165376,3.2307069E7
OMNI,74,65.5068,0.0260252,777875.0,3.6630933E7,559193.0,615509.0,1.76,-10.29,9.24,1498745041,57.4313837232,681981.6815,3.2115218E7
PPY,75,9.65984,0.00383776,20858.5,3.5340103E7,3658456.0,5463339.0,0.74,-23.79,-42.75,1498745055,8.4690135642,18287.147554,3.0983516E7
BLK,76,0.46355,1.8416E-4,2277440.0,3.5332374E7,7.6221278E7,7.6221278E7,1.22,-2.85,-5.66,1498745042,0.4064054102,1996686.30656,3.097674E7
MYST,77,1.80934,7.1884E-4,561008.0,3.5153711E7,1.9429024E7,3.2433366E7,0.62,-0.05,-13.03,1498745055,1.5862918022,491849.177792,3.0820102E7
NLG,78,0.10084,4.006E-5,121978.0,3.510497E7,3.48125445E8,4.501456E8,-1.56,-2.15,-0.61,1498745057,0.0884088482,106941.040072,3.077737E7
XAUR,79,0.265796,1.056E-4,136316.0,3.3785769E7,1.27111653E8,1.27111653E8,3.85,1.83,0.83,1498745045,0.2330297323,119511.508784,2.9620795E7
XZC,80,13.7543,0.00546447,2145620.0,3.3485878E7,2434575.0,2434575.0,0.93,1.2,-28.7,1498745058,12.0587249132,1881116.54888,2.9357873E7
XEL,81,0.485787,1.93E-4,69591.7,3.3148891E7,6.8237502E7,1.0E8,2.35,-1.3,0.0,1498745055,0.4259011218,61012.7135908,2.9062429E7
VSL,82,0.940209,3.7354E-4,256586.0,3.1394045E7,3.3390496E7,3.3390496E7,0.89,8.06,10.85,1498745052,0.8243037953,224955.104264,2.7523913E7
BURST,83,0.0174644,6.94E-6,1533320.0,3.1372784E7,1.796384866E9,1.796384866E9,0.9,-3.32,11.68,1498745043,0.0153114586,1344298.44368,2.7505273E7
DICE,84,4.37414,0.0017378,131015.0,3.0626078E7,7001623.0,7001623.0,0.44,-1.03,33.55,1498745055,3.8349135174,114863.99486,2.6850617E7
VTC,85,0.824708,3.2765E-4,3019660.0,3.0583428E7,3.7083947E7,3.7083947E7,1.09,1.59,-8.47,1498745041,0.7230412966,2647408.39384,2.6813225E7
VIA,86,1.32184,5.2516E-4,837945.0,3.0015156E7,2.2707102E7,2.2707102E7,0.3,-11.28,-17.66,1498745044,1.1588888522,734646.49218,2.6315007E7
EAC,87,0.00289864,1.15E-6,4599170.0,2.7092047E7,9.346468332E9,9.346468332E9,0.52,-4.87,12.25,1498745041,0.0025413073,4032202.71908,2.3752248E7
HMQ,88,0.17692,7.029E-5,570840.0,2.7037414E7,1.52822822E8,1.84190414E8,0.63,-5.22,-5.49,1498745054,0.1551100101,500469.12816,2.3704349E7
NAV,89,0.423562,1.6828E-4,591279.0,2.6021294E7,6.1434438E7,6.1434438E7,0.83,1.56,-3.58,1498745042,0.3713469709,518388.489996,2.2813493E7
BLOCK,90,6.3933,0.00254,61260.6,2.5296406E7,3956706.0,1.008013E7,-2.41,-0.03,3.77,1498745044,5.6051595492,53708.6382744,2.2177966E7
TRST,91,0.273478,1.0865E-4,263150.0,2.5200314E7,9.21475E7,1.0E8,-0.2,-3.02,-12.45,1498745053,0.2397647261,230709.9206,2.209372E7
UNITY,92,30.4781,0.0121087,9896.23,2.4871988E7,816061.0,816061.0,0.0,-21.42,4.55,1498745046,26.7208817444,8676.26235052,2.1805869E7
YBC,93,8.22606,0.00326814,1324380.0,2.4846185E7,3020424.0,3020424.0,0.28,-1.33,-16.92,1498745041,7.2119842274,1161115.73112,2.1783247E7
BASH,94,0.0345063,1.371E-5,4046230.0,2.4070695E7,6.9757391E8,6.9757391E8,4.51,7.62,44.74,1498745050,0.0302525014,3547426.95052,2.1103356E7
CFI,95,0.191016,7.589E-5,890709.0,2.3877E7,1.25E8,5.0E8,3.47,-7.69,-11.78,1498745055,0.1674683116,780905.957316,2.0933539E7
POT,96,0.108954,4.329E-5,711663.0,2.3669317E7,2.17241374E8,2.17241374E8,1.58,-3.88,-9.4,1498745041,0.0955225867,623932.032012,2.0751458E7
GRC,97,0.0604809,2.403E-5,339193.0,2.3606467E7,3.90312753E8,3.90312753E8,0.47,-7.06,-21.7,1498745044,0.0530250566,297378.643732,2.0696356E7
TKN,98,0.988342,3.9266E-4,246735.0,2.3368414E7,2.3644056E7,3.940676E7,1.17,5.36,-21.49,1498745054,0.8665031516,216318.49614,2.0487649E7
QAU,99,0.27648,1.0984E-4,210937.0,2.2796888E7,8.2454023E7,2.4736207E8,1.59,4.6,4.93,1498745055,0.2423966515,184933.530388,1.9986579E7
EXP,100,2.98617,0.00118638,366074.0,2.2287562E7,7463594.0,1.6463594E7,0.54,-5.67,-8.35,1498745046,2.6180469071,320945.861576,1.954004E7
EDR,101,0.02475,9.83E-6,390759.0,2.1933747E7,8.86211988E8,1.011211988E9,0.2,-1.1,-13.18,1498745058,0.021698919,342587.793516,1.9229842E7
GUP,102,0.290821,1.1554E-4,252967.0,2.1811575E7,7.5E7,9.885515E7,0.49,-1.13,-8.44,1498745053,0.2549697504,221782.240108,1.9122731E7
SKY,103,3.73847,0.00148526,122837.0,2.1486677E7,5747452.0,1.0E8,6.8,12.48,-3.69,1498745053,3.2776063723,107694.145988,1.8837885E7
CRW,104,1.46728,5.8294E-4,75335.0,2.0837035E7,1.4201131E7,1.4201131E7,0.75,8.84,2.62,1498745046,1.2863995907,66048.00254,1.8268329E7
SHIFT,105,1.89759,7.5389E-4,347341.0,2.0681585E7,1.0898869E7,1.0898869E7,-2.71,-1.94,-23.83,1498745046,1.6636626952,304522.190884,1.8132042E7
MOON,106,9.12629E-5,4.0E-8,37273.6,2.0266046E7,2.22062266153E11,2.22062266153E11,2.99,-0.21,-1.16,1498745041,8.00124E-5,32678.6596864,1.7767729E7
TAAS,107,2.4421,9.7022E-4,195458.0,1.9893349E7,8146001.0,8146001.0,0.88,-6.99,-6.87,1498745053,2.1410476804,171362.719592,1.7440976E7
WDC,108,0.171576,6.817E-5,3463860.0,1.9714909E7,1.14904819E8,1.14904819E8,0.88,7.15,-12.28,1498745041,0.150424797,3036849.19464,1.7284534E7
IOC,109,1.18253,4.6981E-4,30252.3,1.9327994E7,1.6344612E7,1.6344612E7,0.59,3.27,-24.03,1498745044,1.0367524317,26522.9174652,1.6945316E7
XDN,110,0.00271897,1.08E-6,991485.0,1.8714633E7,6.88298622E9,6.88298622E9,2.95,-3.36,-23.57,1498745044,0.0023837863,869258.69514,1.6407568E7
RADS,111,5.62668,0.00223543,800341.0,1.8426395E7,3274826.0,3274826.0,-1.07,-11.13,-22.92,1498745047,4.9330453963,701678.162884,1.6154863E7
ION,112,1.25852,5.0E-4,1715300.0,1.8131666E7,1.4407134E7,2.0307134E7,3.8,-46.46,153.88,1498745049,1.1033746885,1503844.6772,1.5896467E7
BCAP,113,1.79632,7.1366E-4,129769.0,1.79632E7,1.0E7,1.0E7,1.33,0.49,-3.32,1498745055,1.5748768557,113771.596756,1.5748769E7
NEOS,114,5.26107,0.00209017,756277.0,1.7807476E7,3384763.0,3384763.0,-1.31,-8.94,-0.67,1498745043,4.6125063347,663046.196548,1.5612242E7
NXC,115,0.264045,1.049E-4,179644.0,1.7564692E7,6.6521586E7,6.6521586E7,0.69,-5.21,-23.28,1498745050,0.2314945886,157498.206256,1.5399387E7
NVC,116,9.76754,0.00388055,1495630.0,1.7212342E7,1762198.0,1762198.0,0.66,-3.52,50.32,1498745040,8.563436739,1311254.71612,1.5090473E7
XBC,117,173.634,0.0689832,2929100.0,1.7000108E7,97908.0,97908.0,-3.1,-6.89,88.5,1498745042,152.229095016,2568012.2684,1.4904402E7
SWT,118,2.26721,9.0074E-4,76504.4,1.6656457E7,7346676.0,7346676.0,2.94,-1.71,-2.45,1498745053,1.98771742,67073.2435856,1.4603116E7
ENRG,119,0.135189,5.371E-5,42134.2,1.6359818E7,1.21014414E8,1.21014414E8,-1.69,-8.45,72.77,1498745043,0.1185234408,36940.0643608,1.4343045E7
DTB,120,0.714943,2.8404E-4,178526.0,1.6263386E7,2.2747809E7,2.2747809E7,7.03,2.77,-15.74,1498745053,0.6268076867,156518.028824,1.4258501E7
UNY,121,0.0793037,3.151E-5,244998.0,1.6019347E7,2.02E8,1.0E10,1.08,1.42,1.92,1498745054,0.0695274571,214795.626552,1.4044546E7
AGRS,122,0.377557,1.5E-4,416819.0,1.5857394E7,4.2E7,4.2E7,10.22,28.41,41.77,1498745046,0.3310132833,365435.220956,1.3902558E7
QRK,123,0.0633385,2.516E-5,1602310.0,1.5841025E7,2.50101047E8,2.50101047E8,4.24,17.48,-4.87,1498745040,0.0555303831,1404783.63244,1.3888207E7
NOTE,124,0.126432,5.023E-5,273495.0,1.5766162E7,1.24700724E8,1.24700724E8,0.64,-8.84,-14.09,1498745042,0.1108459688,239779.63038,1.3822573E7
SLS,125,15.5542,0.00617955,28882.0,1.5611714E7,1003698.0,1003698.0,14.63,34.18,56.4,1498745057,13.6367404408,25321.542568,1.3687164E7
EMC2,126,0.0705301,2.802E-5,405158.0,1.4972576E7,2.12286335E8,2.12286335E8,0.58,-1.65,-1.7,1498745042,0.0618354314,355211.742392,1.3126817E7
XPM,127,0.760006,3.0194E-4,1911800.0,1.4961839E7,1.9686474E7,1.9686474E7,-0.85,-5.11,5.24,1498745040,0.6663155003,1676120.9432,1.3117403E7
TIME,128,21.0449,0.00836092,702762.0,1.4944253E7,710113.0,710113.0,-0.72,-0.25,-3.79,1498745052,18.4505689076,616128.311688,1.3101985E7
SPHR,129,4.78277,0.00190015,3779080.0,1.4744994E7,3082940.0,3082940.0,-7.86,84.57,244.21,1498745045,4.1931692455,3313210.13392,1.292729E7
IFC,130,1.62051E-4,6.0E-8,1571310.0,1.4681217E7,9.059627491E10,9.059627491E10,1.11,-0.8,-16.24,1498745040,1.42074E-4,1377605.18844,1.2871375E7
VOX,131,0.0687421,2.731E-5,157920.0,1.4435841E7,2.1E8,2.1E8,0.45,-0.49,-14.88,1498745049,0.0602678489,138452.25408,1.2656248E7
HEAT,132,0.529011,2.1017E-4,85714.2,1.4272107E7,2.6978848E7,2.6978848E7,8.16,-9.33,24.66,1498745048,0.46379664,75147.6962808,1.2512699E7
FTC,133,0.0853652,3.391E-5,1136480.0,1.4239499E7,1.6680684E8,1.6680684E8,1.02,-1.78,14.24,1498745040,0.0748417196,996379.29152,1.2484111E7
LMC,134,0.0676717,2.689E-5,1202290.0,1.4224021E7,2.10191571E8,2.95191571E8,1.32,-4.93,-23.35,1498745049,0.0593294035,1054076.49796,1.2470541E7
BCY,135,0.599296,2.3809E-4,694728.0,1.3950673E7,2.3278435E7,2.3278435E7,3.21,8.85,-11.07,1498745046,0.5254171863,609084.711072,1.223089E7
MGC,136,0.137159,5.449E-5,892729.0,1.3782707E7,1.0048708E8,1.0548708E8,0.67,-7.38,-7.48,1498745054,0.1202505871,782676.939796,1.208363E7
MUE,137,0.106674,4.238E-5,244860.0,1.3347318E7,1.25122508E8,1.25122508E8,1.78,-3.97,5.91,1498745043,0.093523656,214674.63864,1.1701914E7
RBY,138,0.543732,2.1602E-4,81487.1,1.3315826E7,2.4489686E7,2.4489686E7,-0.67,4.16,24.49,1498745042,0.476702894,71441.6962604,1.1674304E7
FLDC,139,0.0266431,1.059E-5,900222.0,1.3312233E7,4.99650321E8,1.0E9,1.68,-3.48,-18.7,1498745045,0.0233586452,789246.232728,1.1671155E7
PTOY,140,0.183747,7.3E-5,489212.0,1.286229E7,7.0E7,1.00002E8,0.96,-10.4,-33.44,1498745055,0.1610954048,428903.901488,1.1276678E7
SIB,141,0.855755,3.3998E-4,234604.0,1.2759558E7,1.4910293E7,1.4910293E7,0.58,-12.24,71.03,1498745046,0.7502609466,205682.957296,1.118661E7
ECN,142,4.00863,0.00159259,72178.2,1.226361E7,3059302.0,2.11348194E8,0.38,-7.93,-19.11,1498745053,3.5144621281,63280.3602168,1.0751801E7
FRST,143,2.72579,0.00108293,82239.4,1.2245172E7,4492339.0,1.1E8,-0.64,-3.21,3.67,1498745051,2.389765512,72101.2557256,1.0735637E7
VASH,144,0.0304851,1.211E-5,1196920.0,1.2204397E7,4.00339746E8,4.00339746E8,-0.32,-9.7,-7.31,1498745044,0.0267270188,1049368.49008,1.0699888E7
FAIR,145,0.227217,9.027E-5,71004.4,1.2080555E7,5.316748E7,5.316748E7,3.22,-1.54,60.0,1498745042,0.1992065971,62251.2615856,1.0591313E7
VRC,146,0.399164,1.5858E-4,220333.0,1.2079413E7,3.0261781E7,3.0261781E7,0.01,-9.61,-23.69,1498745042,0.3499566587,193171.229092,1.0590312E7
GOLOS,147,0.0969891,3.853E-5,47896.9,1.2032417E7,1.24059472E8,1.24059472E8,-3.14,-6.58,-5.61,1498745051,0.0850326717,41992.3617556,1.0549108E7
CLAM,148,4.78484,0.00190097,674358.0,1.1946597E7,2496760.0,1.6246171E7,-0.6,-6.41,-17.61,1498745044,4.1949840642,591225.843192,1.0473868E7
BITCNY,149,0.1425,5.661E-5,1989220.0,1.1936028E7,8.37616E7,8.37616E7,-0.59,1.4,3.68,1498745043,0.12493317,1743996.91528,1.0464602E7
PEPECASH,150,0.0169679,6.74E-6,9838.13,1.1909498E7,7.01884009E8,7.01884009E8,3.93,-5.57,-5.87,1498745049,0.0148761652,8625.32468612,1.0441342E7
PLU,151,13.9683,0.00554947,134798.0,1.1873048E7,850000.0,2.0E7,0.73,-2.5,-0.69,1498745049,12.2463438492,118180.641752,1.0409386E7
ESP,152,5.66734E-4,2.3E-7,85074.6,1.1460799E7,2.0222536996E10,2.0222536996E10,5.87,-3.71,-12.31,1498745048,4.968693E-4,74586.9436104,1.0047958E7
FLO,153,0.0830285,3.299E-5,362601.0,1.1212658E7,1.35045891E8,1.35045891E8,-2.19,-2.72,-17.64,1498745055,0.0727930786,317900.999124,9830406.0
DBIX,154,12.0818,0.00479998,285468.0,1.1193764E7,926498.0,926498.0,0.92,28.47,56.63,1498745053,10.5924040232,250276.646832,9813841.0
WCT,155,2.20216,8.749E-4,7190.55,1.10108E7,5000000.0,1.0E7,1.94,6.7,-0.19,1498745052,1.9306865238,6304.1277582,9653433.0
XCN,156,0.0322353,1.281E-5,5119930.0,1.083156E7,3.360155E8,3.360155E8,3.38,8.35,-29.79,1498745044,0.0282614612,4488765.50932,9496289.0
CRB,157,0.881946,3.5039E-4,1150500.0,1.0472771E7,1.1874617E7,1.1874617E7,-6.7,59.77,7.4,1498745046,0.7732232249,1008670.962,9181729.0
XBY,158,0.0159613,6.34E-6,18845.8,1.0374845E7,6.5E8,6.5E8,0.33,-0.98,-28.67,1498745053,0.0139936548,16522.5651592,9095876.0
MEC,159,0.303189,1.2045E-4,1372340.0,9970810.0,3.288645E7,3.288645E7,2.73,-9.17,35.38,1498745040,0.2658130728,1203163.41416,8741648.0
ECC,160,4.27898E-4,1.7E-7,33544.7,9681880.0,2.2626608326E10,2.2626608326E10,1.86,25.11,-7.2,1498745042,3.751484E-4,29409.4435628,8488337.0
ZEN,161,6.34294,0.00251999,177227.0,9595837.0,1512838.0,1512838.0,4.06,4.93,-2.92,1498745055,5.5610077286,155379.164348,8412901.0
PASC,162,0.875921,3.4799E-4,210028.0,9585554.0,1.09434E7,1.09434E7,0.78,-2.64,-14.38,1498745051,0.7679409628,184136.588272,8403885.0
GAM,163,8.00978,0.00318221,39946.0,9503224.0,1186453.0,1186453.0,0.66,2.07,39.3,1498745045,7.0223663607,35021.616904,8331705.0
BELA,164,0.262438,1.0426E-4,351226.0,9408442.0,3.585015E7,3.585015E7,1.18,-8.42,-13.34,1498745043,0.2300856931,307928.263624,8248607.0
DMD,165,4.32932,0.00172,5058290.0,9371212.0,2164592.0,2164592.0,-1.17,49.4,58.36,1498745041,3.7956187477,4434724.24196,8215967.0
MUSE,166,0.00657034,2.61E-6,557.506,9033169.0,1.374840478E9,1.524840478E9,-1.15,3.72,-24.18,1498745045,0.0057603748,488.778890344,7919596.0
AEON,167,0.587668,2.3347E-4,29607.7,8455087.0,1.4387523E7,1.4387523E7,6.74,-6.45,-24.34,1498745046,0.5152226396,25957.7811748,7412777.0
SAFEX,168,0.00390144,1.55E-6,43279.5,8378279.0,2.147483647E9,2.147483647E9,0.75,-7.3,1.81,1498745048,0.0034204861,37944.176358,7345438.0
COVAL,169,0.00785465,3.12E-6,32001.1,7854650.0,1.0E9,1.2E9,0.67,-4.95,-6.55,1498745044,0.0068863602,28056.1323964,6886360.0
MAX,170,0.141378,5.617E-5,562192.0,7696997.0,5.4442678E7,5.4442678E7,1.12,0.82,-11.68,1498745041,0.1239494857,492887.219008,6748142.0
SLR,171,0.21421,8.51E-5,43430.5,7555099.0,3.5269591E7,9.803420071E10,-0.31,-4.12,-8.31,1498745042,0.187803048,38076.561682,6623737.0
ZET,172,0.0453764,1.803E-5,1140830.0,7545769.0,1.66292815E8,1.66292815E8,2.57,10.38,11.12,1498745041,0.0397825789,1000193.04092,6615557.0
UNO,173,37.37,0.0148467,85475.4,7389920.0,197750.0,197750.0,0.4,7.31,5.67,1498745042,32.76317588,74938.3345896,6478920.0
OK,174,0.100759,4.003E-5,44521.2,7249340.0,7.1947324E7,7.1947324E7,-0.43,-0.85,1.87,1498745044,0.0883378335,39032.8045488,6355671.0
ZCC,175,0.117563,4.671E-5,1932580.0,7248587.0,6.1657044E7,6.1657044E7,1.97,-5.58,1.98,1498745044,0.1030703036,1694339.26792,6355010.0
LUN,176,3.15084,0.0012518,236093.0,7240167.0,2297853.0,2703356.0,-2.4,-3.62,-2.17,1498745054,2.7624170482,206988.399332,6347629.0
NAUT,177,0.441653,1.7546E-4,2226530.0,7145946.0,1.618E7,1.618E7,-3.85,0.11,45.08,1498745043,0.3872077848,1952052.28772,6265022.0
GRS,178,0.105176,4.179E-5,109612.0,7133712.0,6.7826424E7,6.7826424E7,0.44,21.42,31.39,1498745046,0.0922103234,96099.471088,6254296.0
XRB,179,0.0818708,3.253E-5,73149.2,7035471.0,8.5933827E7,3.40282367E8,2.68,-1.16,-9.4,1498745052,0.0717780953,64131.6592208,6168166.0
PINK,180,0.0204555,8.13E-6,341714.0,7021954.0,3.432795E8,3.732795E8,0.33,-6.54,-10.53,1498745042,0.0179338278,299588.864936,6156315.0
XSPEC,181,0.340977,1.3547E-4,29488.8,6971754.0,2.0446404E7,2.0446404E7,0.79,3.05,-10.19,1498745051,0.2989427193,25853.5386912,6112304.0
SPR,182,0.829997,3.2975E-4,36358.7,6887252.0,8297924.0,8297924.0,1.51,-4.24,46.14,1498745047,0.7276782898,31876.5448988,6038219.0
MUSIC,183,0.0320764,1.274E-5,209465.0,6819069.0,2.12588362E8,2.12588362E8,2.51,5.12,28.52,1498745052,0.0281221497,183642.99266,5978442.0
BITUSD,184,0.999299,3.9701E-4,1203450.0,6564815.0,6569420.0,6569420.0,0.05,0.37,1.13,1498745045,0.8761094165,1055093.4978,5755531.0
BLITZ,185,1.61242,6.406E-4,18655.0,6562464.0,4069947.0,4069947.0,2.31,-1.67,8.61,1498745044,1.4136473121,16355.28622,5753470.0
BITB,186,0.00322509,1.28E-6,83696.4,6450728.0,2.00017E9,2.00017E9,0.63,-3.45,-22.86,1498745046,0.0028275138,73378.6425936,5655508.0
ABY,187,0.00818069,3.25E-6,119762.0,6382938.0,7.8024445E8,7.8024445E8,0.24,-0.82,7.17,1498745043,0.0071722073,104998.219688,5596075.0
DGC,188,0.176132,6.998E-5,190377.0,6057143.0,3.4389793E7,3.4389793E7,2.05,-2.01,241.81,1498745040,0.1544191516,166908.084948,5310443.0
XVC,189,0.396146,1.5739E-4,122815.0,6050851.0,1.5274297E7,1.5274297E7,0.08,-5.72,-21.94,1498745049,0.3473107057,107674.85806,5304927.0
B@,190,1.3645,5.421E-4,9665.02,5819702.0,4265080.0,2.5E7,1.5,-15.16,-31.55,1498745054,1.196289898,8473.55499448,5102272.0
ATMS,191,0.0568853,2.26E-5,98467.3,5694679.0,1.001081E8,1.101081E8,0.58,-0.54,29.66,1498745053,0.0498727078,86328.6451252,4992662.0
RLT,192,0.553747,2.2E-4,178235.0,5588592.0,1.009232E7,1.0093043E7,10.73,-0.83,10.08,1498745054,0.4854832848,156262.90214,4899653.0
DAR,193,0.402788,1.6002E-4,41145.7,5487488.0,1.3623762E7,1.3623762E7,0.35,-6.25,-5.33,1498745051,0.3531339065,36073.4226868,4811012.0
ICASH,194,0.0246011,9.77E-6,46777.1,5482155.0,2.22841866E8,2.22841866E8,5.03,23.68,63.55,1498745058,0.0215683748,41010.6062204,4806337.0
GCR,195,0.0532836,2.117E-5,23177.0,5479071.0,1.02828463E8,1.02828463E8,1.94,-10.11,-0.18,1498745045,0.0467150109,20319.832148,4803633.0
RISE,196,0.0503365,2.0E-5,69473.6,5405497.0,1.07387215E8,1.07387215E8,8.59,-4.34,-18.98,1498745049,0.0441312176,60909.1724864,4739129.0
BOST,197,0.455735,1.8106E-4,82133.2,5402960.0,1.1855487E7,1.1855487E7,2.66,-3.4,-16.99,1498745042,0.3995538121,72008.1476368,4736905.0
RIC,198,0.152413,6.055E-5,324709.0,5331540.0,3.4980875E7,3.4980875E7,-0.16,-7.44,-9.53,1498745042,0.133624135,284680.173316,4674289.0
SCOT,199,0.005267,2.09E-6,937.557,5267000.0,1.0E9,1.0E9,1.18,-4.26,0.0,1498745042,0.0046177053,821.978723268,4617705.0
CADASTRAL,200,0.173497,6.893E-5,7672.3,5204910.0,3.0E7,3.0E7,-1.19,-11.37,-33.23,1498745050,0.1521089838,6726.4895452,4563270.0
INCNT,201,0.223214,8.868E-5,180638.0,5135777.0,2.3008312E7,4.6016625E7,0.78,6.61,-20.8,1498745050,0.1956970709,158369.669912,4502659.0
DIME,202,9.5736E-6,4.0E-9,1790.3,5063265.0,5.28875627536E11,5.28875627536E11,-0.6,104.87,17.29,1498745041,8.3934E-6,1569.5989772,4439086.0
CURE,203,0.205261,8.155E-5,45124.9,4868756.0,2.3719828E7,2.3719828E7,1.93,-2.83,37.9,1498745043,0.179957245,39562.0828276,4268555.0
SBD,204,1.7195,6.8314E-4,568969.0,4849571.0,2820338.0,2820338.0,0.2,-11.4,13.75,1498745049,1.507526918,498828.777556,4251735.0
AUR,205,0.540929,2.1491E-4,25693.1,4683439.0,8658139.0,8658139.0,-0.97,-1.91,-4.82,1498745042,0.4742454366,22525.7574044,4106083.0
GLD,206,0.115701,4.597E-5,37701.0,4665043.0,4.0319816E7,4.0319816E7,5.87,-4.42,57.28,1498745040,0.1014378435,33053.371524,4089955.0
XMY,207,0.00310184,1.23E-6,202261.0,4630510.0,1.49282675E9,1.49282675E9,-2.98,-20.96,-11.58,1498745041,0.0027194576,177327.072964,4059679.0
SEQ,208,0.103174,4.099E-5,44891.4,4619339.0,4.4772314E7,4.4772314E7,-2.37,-10.12,21.03,1498745050,0.090455122,39357.3677736,4049885.0
ALT,209,36.7036,0.014582,4288.83,4484272.0,122175.0,134063.0,0.75,8.71,145.45,1498745054,32.1789270064,3760.12019292,3931469.0
APX,210,5.73273,0.00227756,27194.1,4456590.0,777394.0,877394.0,-6.15,-8.99,-15.51,1498745054,5.0260219765,23841.7201284,3907199.0
ICOO,211,9.12321,0.00362457,2175.04,4312077.0,472649.0,472649.0,-0.04,-3.77,-21.31,1498745049,7.998537164,1906.90976896,3780501.0
SNRG,212,1.48516,5.9004E-4,59347.6,4223162.0,2843574.0,2843574.0,0.19,-15.36,-49.11,1498745045,1.3020754158,52031.4652624,3702548.0
KORE,213,2.28712,9.0865E-4,684413.0,4187600.0,1830949.0,1830949.0,2.06,-7.19,424.44,1498745042,2.0051729949,600041.303012,3671369.0
BTM,214,1.0661,4.2355E-4,172799.0,4159048.0,3901180.0,3901180.0,2.26,-5.96,-12.89,1498745045,0.9346754564,151497.030476,3646337.0
ANC,215,1.95884,7.7823E-4,633499.0,4133773.0,2110317.0,2110317.0,3.22,10.5,-9.14,1498745040,1.7173620402,555403.777276,3624178.0
PUT,216,0.0202979,8.06E-6,9004.86,4069840.0,2.00505461E8,2.00505461E8,-4.66,-11.64,-6.93,1498745050,0.0177956561,7894.77687864,3568126.0
ZCL,217,2.38061,9.4579E-4,91721.5,3971810.0,1668400.0,1668400.0,-0.37,3.61,-19.36,1498745050,2.0871379216,80414.440366,3482181.0
EMV,218,0.59363,2.3584E-4,8555.54,3957533.0,6666666.0,6666666.0,1.19,-40.92,-6.53,1498745053,0.5204496681,7500.84725096,3469664.0
DBIC,219,0.768687,3.0539E-4,8466.42,3942606.0,5129014.0,6146942.0,0.64,22.79,24.19,1498745047,0.6739263414,7422.71360808,3456578.0
XBB,220,0.413331,1.6421E-4,75578.6,3940069.0,9532480.0,9532480.0,13.32,22.7,30.1,1498745043,0.3623772076,66261.5725064,3454353.0
TRIG,221,0.119837,4.761E-5,46673.3,3847438.0,3.2105593E7,1.0E8,-4.91,-15.39,-12.71,1498745050,0.105063974,40919.6022692,3373141.0
BSD,222,0.233401,9.273E-5,48337.4,3632951.0,1.5565275E7,1.5565275E7,-1.89,-10.93,-3.26,1498745042,0.2046282583,42378.5586776,3185095.0
PDC,223,0.0725665,2.883E-5,38648.0,3628325.0,5.0E7,5.0E7,0.08,-13.92,-26.44,1498745048,0.0636207921,33883.629152,3181040.0
BRX,224,0.566336,2.25E-4,85976.8,3549841.0,6268082.0,6268082.0,8.88,-9.97,14.78,1498745048,0.4965203633,75377.9240032,3112231.0
XST,225,0.134612,5.348E-5,50610.8,3547357.0,2.6352457E7,2.6352457E7,0.22,14.49,40.59,1498745043,0.1180175711,44371.7030192,3110053.0
BTA,226,0.713116,2.8331E-4,31387.0,3537651.0,4960836.0,4960836.0,2.43,-2.52,15.07,1498745045,0.625205912,27517.736188,3101544.0
HUC,227,0.19403,7.709E-5,115538.0,3501442.0,1.804588E7,1.804588E7,-3.75,-7.83,-18.97,1498745041,0.1701107577,101294.937512,3069798.0
VRM,228,3.00829,0.00119517,63377.8,3487796.0,1159395.0,1159395.0,3.44,-1.88,52.47,1498745049,2.637440042,55564.8383272,3057835.0
BRK,229,0.19268,7.655E-5,33725.9,3466149.0,1.7989147E7,1.7989147E7,3.51,-0.34,2.99,1498745048,0.1689271803,29568.3059516,3038856.0
LGD,230,1.70389,6.7694E-4,23056.7,3407780.0,2000000.0,3.0E7,3.17,-3.54,9.07,1498745055,1.4938412564,20214.3622508,2987683.0
CANN,231,0.043443,1.726E-5,169949.0,3355154.0,7.7231176E7,9.1859176E7,2.04,-8.89,-20.88,1498745043,0.0380875207,148998.367076,2941544.0
SPRTS,232,1.49517E-5,6.0E-9,2184.14,3264186.0,2.18315354759E11,2.18315354759E11,0.65,6.39,-19.88,1498745045,1.31085E-5,1914.88795736,2861790.0
ZEIT,233,8.8703E-5,4.0E-8,10874.0,3256644.0,3.6714028235E10,3.6714028235E10,-5.15,-21.5,-37.15,1498745042,7.7768E-5,9533.496776,2855178.0
TIPS,234,7.328E-6,3.0E-9,105639.0,3247541.0,4.43168182458E11,4.43168182458E11,0.71,20.01,-12.2,1498745041,6.4246E-6,92616.246636,2847197.0
ZENI,235,0.00314631,1.25E-6,7122.27,3148661.0,1.000747121E9,1.000747121E9,0.66,-0.94,3.53,1498745053,0.0027584455,6244.26504348,2760506.0
VTR,236,0.290065,1.1524E-4,22307.8,3137333.0,1.0815966E7,1.0815966E7,-3.54,0.43,34.57,1498745044,0.2543069471,19557.7836472,2750575.0
XC,237,0.533891,2.1211E-4,1354.17,3108051.0,5821509.0,5821509.0,0.66,-4.44,4.07,1498745042,0.4680750531,1187.23333908,2724903.0
MINT,238,1.23008E-4,5.0E-8,4742.03,3028519.0,2.4620502661E10,2.4620502661E10,-0.23,-2.68,-30.99,1498745041,1.078441E-4,4157.45150972,2655175.0
QWARK,239,0.128193,5.093E-5,25617.6,2868205.0,2.2374116E7,2.50377576E8,0.65,0.91,-1.75,1498745058,0.1123898797,22459.5647424,2514624.0
INSANE,240,0.156178,6.205E-5,832.029,2864568.0,1.8341688E7,1.8341688E7,0.69,20.0,97.71,1498745050,0.1369250009,729.459792996,2511436.0
TAG,241,0.516212,2.0509E-4,230021.0,2864211.0,5548518.0,5548518.0,0.17,-3.0,24.11,1498745040,0.4525754495,201664.931204,2511123.0
SWIFT,242,0.704749,2.7999E-4,42221.1,2862870.0,4062254.0,4062254.0,0.68,-3.35,0.62,1498745043,0.6178703623,37016.2516764,2509946.0
INPAY,243,0.280702,1.1152E-4,162523.0,2807020.0,1.0E7,1.0E7,0.99,-4.23,-0.66,1498745053,0.2460981802,142487.814652,2460982.0
SRC,244,0.355444,1.4122E-4,159248.0,2798125.0,7872196.0,7872196.0,1.41,-4.82,4.0,1498745041,0.3116262855,139616.543552,2453183.0
MNE,245,4.74326,0.00188445,33664.2,2795214.0,589302.0,589302.0,-3.85,-13.7,-42.23,1498745054,4.1585298802,29514.2120808,2450631.0
TIX,246,4.13258E-5,2.0E-8,74981.4,2763716.0,6.6876281414E10,6.6876281414E10,-0.93,-7.87,-14.42,1498745040,3.62313E-5,65737.9929336,2423016.0
CREA,247,0.255291,1.0142E-4,19411.7,2708049.0,1.0607696E7,1.2319424E7,6.24,-5.73,3.04,1498745054,0.2238197467,17018.7032708,2374212.0
BLOCKPAY,248,0.48648,1.9327E-4,816.721,2640759.0,5428300.0,9.8928316E7,-0.46,-4.29,-15.9,1498745049,0.4265086915,716.038902004,2315217.0
1337,249,1.12104E-4,4.0E-8,18474.0,2606637.0,2.3251950628E10,2.3251950628E10,-1.71,1.34,-4.28,1498745047,9.82843E-5,16196.599176,2285301.0
HUSH,250,2.31789,9.2088E-4,133173.0,2551736.0,1100888.0,1222363.0,0.96,-2.77,-18.07,1498745050,2.0321497924,116755.965252,2237168.0
TX,251,0.423593,1.6829E-4,194859.0,2546974.0,6012787.0,6012787.0,0.73,-3.32,6.67,1498745045,0.3713741493,170837.561916,2232994.0
VISIO,252,0.0500485,1.988E-5,2739.87,2534626.0,5.0643402E7,6.2643402E7,-1.07,-11.66,-13.59,1498745052,0.0438787211,2402.10978588,2222168.0
DOPE,253,0.0218983,8.7E-6,28869.0,2432587.0,1.11085648E8,1.11085648E8,0.67,-3.91,-8.84,1498745043,0.0191987652,25310.145156,2132707.0
NLC2,254,0.0117965,4.69E-6,14380.3,2392796.0,2.02839518E8,2.02839518E8,1.0,-5.08,10.48,1498745049,0.0103422747,12607.5541372,2097822.0
CCRB,255,0.67076,2.6649E-4,21442.6,2389322.0,3562111.0,1.000015E7,2.1,-1.67,0.89,1498745051,0.5880713902,18799.2420424,2094776.0
2GIVE,256,0.00458098,1.82E-6,58026.4,2354063.0,5.13877531E8,5.13877531E8,3.01,-2.99,-2.16,1498745058,0.0040162551,50873.1375136,2063863.0
START,257,0.0516112,2.05E-5,43646.2,2326622.0,4.5079785E7,7.078222E7,0.67,-3.03,-21.41,1498745042,0.0452487777,38265.6710488,2039805.0
ERC,258,0.234086,9.3E-5,80659.7,2309924.0,9867845.0,9867845.0,1.98,1.62,39.13,1498745045,0.2052288143,70716.2948228,2025166.0
PTC,259,0.0173905,6.91E-6,156897.0,2253396.0,1.29576244E8,1.29576244E8,8.79,5.12,19.07,1498745041,0.0152466687,137555.365428,1975606.0
ADL,260,0.0952147,3.783E-5,3812.37,2234901.0,2.3472224E7,1.0E8,0.84,23.07,-32.76,1498745055,0.0834770126,3342.39627588,1959391.0
THC,261,0.0103925,4.13E-6,34198.5,2201371.0,2.11823061E8,2.11823061E8,2.64,5.97,-23.57,1498745044,0.0091113542,29982.645714,1929995.0
GEO,262,0.708641,2.8154E-4,34452.6,2195407.0,3098052.0,3098052.0,0.7,-5.71,-9.65,1498745044,0.6212825721,30205.4212824,1924766.0
YASH,263,0.2141,8.506E-5,1247.17,2141030.0,1.0000139E7,1.0000139E7,6.61,-5.67,11.58,1498745051,0.1877066084,1093.42387108,1877092.0
INSN,264,0.158905,6.313E-5,162372.0,2072641.0,1.3043273E7,1.8543273E7,-8.79,1.6,54.59,1498745054,0.1393158272,142355.429328,1817134.0
XWC,265,0.00825592,3.28E-6,68954.3,2048498.0,2.48124781E8,2.48124781E8,2.99,-8.15,-29.88,1498745042,0.0072381632,60453.8897132,1795968.0
FUNC,266,0.351195,1.3953E-4,50153.4,2036939.0,5800024.0,1.0E8,0.78,-14.18,39.08,1498745054,0.3079010852,43970.6894616,1785834.0
EGC,267,0.147105,5.844E-5,42576.3,1959630.0,1.3321301E7,1.3321301E7,-0.08,-0.08,-8.75,1498745047,0.128970484,37327.6640412,1718055.0
POSW,268,0.0455395,1.809E-5,8656.72,1867119.0,4.1E7,7.0E7,-0.34,-1.11,-11.55,1498745052,0.0399255726,7589.55418528,1636948.0
EXCL,269,0.447129,1.7764E-4,41140.1,1844617.0,4125470.0,4125470.0,4.95,-6.58,35.27,1498745043,0.3920087254,36068.5130324,1617220.0
TRUST,270,0.0567091,2.253E-5,29346.2,1819602.0,3.2086595E7,3.2086595E7,3.47,-12.05,51.97,1498745044,0.049718229,25728.5178488,1595289.0
SXC,271,0.0141032,5.6E-6,22883.8,1735596.0,1.23063989E8,1.23063989E8,-5.62,-16.57,-40.13,1498745040,0.0123646139,20062.7766712,1521639.0
ADC,272,0.00215728,8.6E-7,3368.27,1711152.0,7.93198644E8,7.93198644E8,2.98,2.88,5.88,1498745045,0.0018913392,2953.04314748,1500208.0
RBX,273,0.00467322,1.86E-6,11069.6,1688136.0,3.61236123E8,1.0E9,21.63,27.88,-17.6,1498745053,0.0040971241,9704.9839904,1480029.0
HTML5,274,4.12241E-5,2.0E-8,17878.7,1676132.0,4.065902E10,4.065902E10,24.19,0.56,-9.56,1498745043,3.61422E-5,15674.6853788,1469505.0
IXC,275,0.0789806,3.138E-5,2334.84,1658521.0,2.0999088E7,2.0999088E7,2.38,-2.51,44.11,1498745040,0.0692441876,2047.01026416,1454065.0
MER,276,0.0165371,6.57E-6,4735.44,1653710.0,1.0E8,1.0E8,0.94,-25.11,-15.89,1498745052,0.0144984725,4151.67389856,1449847.0
ICE,277,1.05086,4.175E-4,20828.4,1650915.0,1571013.0,2071013.0,1.05,-9.45,0.0,1498745055,0.9213141826,18260.7581616,1447396.0
XTC,278,0.0164065,6.52E-6,54738.6,1640650.0,1.0E8,1.0E8,0.21,-6.47,-29.3,1498745044,0.0143839723,47990.6443464,1438397.0
ADZ,279,0.0297615,1.182E-5,1837.06,1635622.0,5.495764E7,5.495764E7,-2.31,2.95,-10.58,1498745046,0.0260926213,1610.59459144,1433989.0
RNS,280,0.0485165,1.928E-5,190960.0,1618308.0,3.3355821E7,3.3355821E7,0.52,20.34,-26.4,1498745052,0.0425355799,167419.21504,1418809.0
WBB,281,0.659612,2.6206E-4,772.023,1548838.0,2348105.0,2348105.0,0.84,-1.84,-25.35,1498745044,0.5782976711,676.851092652,1357904.0
DYN,282,0.940621,3.737E-4,96815.2,1545263.0,1642811.0,4396715.0,-1.22,-5.56,1.62,1498745053,0.8246650056,84880.2094048,1354769.0
HYP,283,0.00165957,6.6E-7,4513.46,1527288.0,9.202915E8,9.202915E8,0.09,-5.3,-14.22,1498745043,0.0014549848,3957.05870504,1339010.0
HKG,284,0.0919923,3.655E-5,41423.1,1482078.0,1.6110893E7,1.6110893E7,7.04,1.42,10.99,1498745050,0.0806518572,36316.6259244,1299373.0
VSM,285,1.77809,7.0642E-4,18782.5,1467952.0,825578.0,1.6825578E7,3.43,38.56,0.0,1498745055,1.5588941772,16467.06853,1286989.0
DCY,286,0.00121589,4.8E-7,13324.7,1444675.0,1.188162591E9,1.188162591E9,10.07,24.28,0.0,1498745055,0.0010659999,11682.0842828,1266581.0
SYNX,287,0.124819,4.959E-5,47000.9,1406568.0,1.126886E7,1.126886E7,5.83,-6.34,38.45,1498745048,0.109431813,41206.8170516,1233172.0
PKB,288,0.281336,1.1177E-4,44025.4,1340292.0,4764026.0,4764026.0,-0.69,-8.97,-19.15,1498745046,0.2466540233,38598.1247896,1175066.0
PND,289,4.03591E-5,2.0E-8,2306.64,1312273.0,3.2514916898E10,3.2514916898E10,-6.95,25.37,-1.62,1498745042,3.53838E-5,2022.28664736,1150501.0
FJC,290,0.00130677,5.2E-7,2404.92,1302319.0,9.96593792E8,9.96593792E8,-2.1,14.55,-4.75,1498745045,0.0011456766,2108.45108208,1141774.0
XMG,291,0.176106,6.997E-5,213407.0,1253022.0,7115157.0,7115157.0,1.47,3.07,9.51,1498745044,0.1543963567,187099.038668,1098554.0
EQT,292,0.200022,7.947E-5,10935.3,1207702.0,6037847.0,7137847.0,13.08,-2.91,-13.49,1498745055,0.1753640879,9587.2399572,1058821.0
XP,293,9.3242E-6,4.0E-9,22431.1,1199302.0,1.28622077425E11,1.84796337894E11,3.29,2.7,51.13,1498745051,8.1748E-6,19665.8837164,1051457.0
XVP,294,0.13378,5.315E-5,7556.81,1195351.0,8935201.0,1.0469791E7,0.9,16.13,84.19,1498745053,0.1172881367,6625.23669044,1047993.0
PEPE,295,0.0845225,3.358E-5,27667.9,1194652.0,1.4134128E7,1.4134128E7,4.97,0.81,-7.6,1498745047,0.0741029043,24257.1119596,1047380.0
TKS,296,1.83988,7.3097E-4,36998.6,1191550.0,647624.0,5.0E7,-3.07,-5.1,20.3,1498745054,1.6130669531,32437.5605864,1044661.0
EFL,297,0.0764048,3.035E-5,42478.0,1174759.0,1.5375465E7,2.0414805E7,2.09,0.12,18.84,1498745042,0.0669859219,37241.482072,1029940.0
LDOGE,298,7.90113E-5,3.0E-8,8267.1,1168771.0,1.4792452471E10,1.4792452471E10,-9.51,-2.56,-21.22,1498745044,6.92711E-5,7247.9649804,1024689.0
NSR,299,4.2791E-4,1.7E-7,1175.95,1156328.0,2.702268334E9,3.3187551E9,14.11,5.36,-4.57,1498745058,3.75159E-4,1030.9835878,1013780.0
BTB,300,34.872,0.0138543,7678.83,1151035.0,33007.0,33007.0,-1.8,35.74,25.1,1498745040,30.573119328,6732.21455292,1009140.0
CHC,301,0.076545,3.041E-5,4593.18,1140643.0,1.4901598E7,1.4901598E7,3.46,7.93,7.55,1498745045,0.0671088386,4026.95114232,1000029.0
FST,302,0.00809874,3.22E-6,24801.4,1026633.0,1.26764507E8,1.26764507E8,-1.54,-0.08,-4.95,1498745040,0.0071003597,21743.9826136,900074.0
BXT,303,1.88184,7.4764E-4,209462.0,1009402.0,536391.0,536391.0,-14.57,1720.12,3961.12,1498745049,1.6498542922,183640.362488,884967.0
MRT,304,0.100577,3.996E-5,640.628,1005770.0,1.0E7,1.0E7,20.01,5.78,0.0,1498745055,0.0881782697,561.653942672,881783.0
XTO,305,0.0328475,1.305E-5,3304.53,997403.0,3.0364668E7,3.2364668E7,0.75,5.68,-29.72,1498745051,0.0287981916,2897.16075972,874448.0
XHI,306,0.00515907,2.05E-6,69344.6,978830.0,1.8972999E8,1.018972999E10,2.28,4.17,0.24,1498745048,0.0045230805,60796.0750904,858164.0
DOT,307,0.00418942,1.66E-6,193007.0,969149.0,2.313325E8,4.963325E8,31.14,100.81,5.24,1498745044,0.0036729651,169213.869068,849676.0
DRACO,308,0.0108988,4.33E-6,15571.7,968782.0,8.8888888E7,8.8888888E7,-1.43,-6.06,-4.22,1498745048,0.0095552395,13652.0831108,849355.0
GLC,309,0.0145989,5.8E-6,2236.98,951425.0,6.517101E7,6.517101E7,0.66,-34.64,35.61,1498745040,0.012799206,1961.21405352,834137.0
CDN,310,0.00962011,3.82E-6,814.951,937148.0,9.7415544E7,9.7415544E7,0.78,-10.92,10.01,1498745043,0.0084341813,714.487100524,821620.0
INFX,311,0.554633,2.2035E-4,29483.1,928114.0,1673383.0,1673383.0,0.17,-7.96,-7.03,1498745046,0.4862600623,25848.5413644,813700.0
TROLL,312,0.00158379,6.3E-7,1273.05,880078.0,5.55678576E8,5.55678576E8,2.74,36.32,28.64,1498745045,0.0013885467,1116.1134882,771586.0
BLU,313,0.00140469,5.6E-7,1241.95,807252.0,5.74683675E8,5.74683675E8,5.62,9.52,15.66,1498745042,0.0012315254,1088.8473718,707738.0
TES,314,0.010822,4.3E-6,11073.1,780921.0,7.216051E7,7.216051E7,4.05,6.79,21.12,1498745041,0.0094879071,9708.0525244,684652.0
DVC,315,5.03674E-5,2.0E-8,668.498,714251.0,1.41808275E10,1.41808275E10,0.67,-9.79,-14.44,1498745040,4.41583E-5,586.088240552,626201.0
BUN,316,7.0115E-6,3.0E-9,966.141,712300.0,1.01590887542E11,1.01590887542E11,1.29,16.43,16.64,1498745043,6.1471E-6,847.039002084,624491.0
GCN,317,4.9641E-6,2.0E-9,4086.26,696940.0,1.4039696E11,1.4039696E11,8.17,7.25,24.07,1498745044,4.3521E-6,3582.52221224,611024.0
VRS,318,0.00724855,2.88E-6,2309.91,695507.0,9.5951145E7,1.0E10,2.02,-2.67,-39.8,1498745050,0.0063549778,2025.15353484,609767.0
CRAVE,319,0.553751,2.2E-4,1953.62,692020.0,1249695.0,1249695.0,0.75,-2.91,-17.89,1498745045,0.4854867917,1712.78554088,606710.0
CNT,320,0.0258381,1.027E-5,5856.01,685103.0,2.6515229E7,6.4054028E7,3.17,-1.23,-7.33,1498745052,0.0226528824,5134.10451124,600646.0
BYC,321,0.412041,1.637E-4,29703.0,684869.0,1662138.0,1662138.0,-1.03,-2.7,42.9,1498745044,0.3612462337,26041.332972,600441.0
YOC,322,0.00637006,2.53E-6,66487.5,672798.0,1.0561883E8,2.0E8,-8.2,-6.31,-21.61,1498745047,0.0055847845,58291.18695,589858.0
ETB,323,1.51625,6.0239E-4,1781.06,671682.0,442989.0,442990.0,1.05,-0.48,0.0,1498745055,1.329332765,1561.49804744,588880.0
UFO,324,2.01364E-4,8.0E-8,3391.34,668388.0,3.319300012E9,3.319300012E9,-10.52,11.44,23.75,1498745042,1.765407E-4,2973.26917016,585991.0
UIS,325,0.0142425,5.66E-6,121921.0,666348.0,4.6785866E7,4.6785866E7,0.01,-3.76,4.36,1498745044,0.0124867416,106891.066804,584203.0
KRB,326,0.169008,6.715E-5,13538.8,634939.0,3756859.0,3756859.0,-1.37,-11.39,-26.59,1498745051,0.1481733698,11869.7908912,556666.0
DWC,327,0.410984,1.6328E-4,6802.16,627588.0,1527038.0,1527038.0,13.9,1.83,-70.27,1498745054,0.3603195364,5963.61692384,550221.0
MOIN,328,0.0895528,3.558E-5,1085.44,626738.0,6998528.0,6998528.0,-6.21,16.33,3.58,1498745046,0.078513089,951.63129856,549476.0
ITI,329,19.4881,0.00774242,64499.6,623619.0,32000.0,9999992.0,-3.43,-10.13,-12.85,1498745054,17.0856849844,56548.3473104,546742.0
SMLY,330,2.34478E-5,9.0E-9,678.156,608711.0,2.596025E10,2.596025E10,1.11,-53.08,-44.12,1498745048,2.05572E-5,594.555640944,533671.0
DSH,331,0.0332145,1.32E-5,563.908,574331.0,1.7291579E7,1.7291579E7,-0.15,-1.92,-4.0,1498745044,0.0291199493,494.391677392,503530.0
CPC,332,0.567843,2.256E-4,67569.8,561653.0,989099.0,2.00989099E8,-2.27,0.57,17.2,1498745047,0.4978415863,59240.0653352,492415.0
CV2,333,2.47859E-5,1.0E-8,60229.4,552448.0,2.2288820711E10,2.2288820711E10,0.66,-2.49,-37.43,1498745044,2.17304E-5,52804.5604856,484345.0
NETKO,334,0.163608,6.5E-5,3203.08,517265.0,3161613.0,3161613.0,0.66,-0.88,-21.75,1498745052,0.1434390602,2808.21710992,453499.0
FCN,335,0.0855797,3.4E-5,1473.45,511538.0,5977332.0,5977332.0,4.99,-0.53,-16.33,1498745057,0.0750297769,1291.8089778,448478.0
ASAFE2,336,0.0618752,2.458E-5,109132.0,496858.0,8030000.0,8030000.0,28.88,27.17,979113.0,1498745050,0.0542474728,95678.643568,435607.0
ECO,337,1.51018,5.9998E-4,98901.8,478841.0,317076.0,1093895.0,2.44,13.78,-51.44,1498745055,1.3240110503,86709.5817032,419811.0
LTB,338,0.705624,2.8034E-4,2675.26,472570.0,669719.0,669719.0,20.15,2.69,78.25,1498745042,0.6186374958,2345.46464824,414313.0
PROC,339,0.159052,6.319E-5,863.813,447764.0,2815205.0,1.5000053805E10,0.75,-3.3,-17.03,1498745054,0.1394447056,757.325588612,392565.0
42,340,10398.8,4.13136,4103.34,436750.0,42.0,42.0,0.68,5.96,-20.86,1498745041,9116.8775312,3597.49665816,382909.0
CNC,341,0.0148143,5.89E-6,70501.6,427093.0,2.8829791E7,1.73679792E8,0.46,-4.18,-22.25,1498745040,0.0129880524,61810.4447584,374443.0
BTPL,342,0.0873919,3.472E-5,1178.33,404045.0,4623368.0,5121968.0,1.73,106.01,0.0,1498745055,0.0766185761,1033.07019092,354236.0
UNB,343,0.175715,6.981E-5,148898.0,400305.0,2278150.0,2278150.0,2.44,-7.24,58.48,1498745043,0.1540535577,130542.450152,350957.0
TRUMP,344,0.0606292,2.409E-5,635.697,396575.0,6540984.0,6540984.0,2.12,1.86,-3.77,1498745047,0.0531550747,557.330816628,347686.0
POST,345,0.0241531,9.6E-6,4259.55,383267.0,1.5868233E7,1.5868233E7,-0.7,7.09,2.97,1498745047,0.0211756024,3734.4497142,336019.0
TIT,346,0.00762667,3.03E-6,663.815,380557.0,4.9898202E7,4.9898202E7,0.66,-6.78,2.01,1498745044,0.0066864846,581.98254206,333644.0
HNC,347,0.00687154,2.73E-6,1172.2,379309.0,5.52E7,6.02E7,0.66,0.74,2.27,1498745045,0.006024444,1027.6958728,332549.0
CBX,348,0.366294,1.4553E-4,912.807,365283.0,997240.0,997240.0,22.59,-25.29,-42.78,1498745040,0.3211387409,800.279804268,320252.0
GB,349,0.0232114,9.22E-6,2787.29,346615.0,1.4932972E7,1.4932972E7,2.87,-0.88,24.29,1498745048,0.0203499915,2443.68403796,303886.0
ZOI,350,0.0298219,1.185E-5,4371.85,341854.0,1.14632E7,1.14632E7,10.64,-5.5,9.58,1498745052,0.0261455755,3832.9058194,299712.0
BITS,351,0.0147347,5.85E-6,1247.54,340073.0,2.3079737E7,2.3079737E7,0.73,4.55,15.63,1498745042,0.0129182651,1093.74825896,298150.0
ARC,352,0.0142161,5.65E-6,2216.57,336383.0,2.3662134E7,2.3662134E7,0.71,-7.23,-3.62,1498745050,0.0124635961,1943.32011668,294915.0
PIGGY,353,6.90203E-4,2.7E-7,1668.96,334195.0,4.84198559E8,4.84198559E8,-3.84,4.19,16.32,1498745043,6.051175E-4,1463.21728704,292997.0
MZC,354,2.76924E-4,1.1E-7,2921.66,302572.0,1.092618137E9,1.092618137E9,0.66,-16.55,-19.98,1498745041,2.427859E-4,2561.48944184,265272.0
NTRN,355,0.0103954,4.13E-6,857.378,301532.0,2.9006267E7,2.9006267E7,0.66,-16.22,-21.68,1498745045,0.0091138967,751.683869672,264360.0
PASL,356,0.125852,5.0E-5,2721.55,292373.0,2323150.0,2323150.0,2.83,-2.31,0.47,1498745053,0.1103374688,2386.0482022,256330.0
TRI,357,3.97042,0.00157741,2487.33,289410.0,72891.0,72891.0,0.66,16.57,190.72,1498745043,3.4809625041,2180.70190692,253732.0
ZER,358,0.272116,1.0811E-4,1232.2,255490.0,938900.0,938900.0,0.77,7.55,-24.27,1498745052,0.238570628,1080.2993128,223994.0
SWING,359,0.108125,4.296E-5,868.253,253473.0,2344255.0,2344255.0,-1.27,33.89,108.77,1498745046,0.0947957825,761.218243172,222226.0
RBIES,360,0.023182,9.21E-6,4397.59,241405.0,1.0413454E7,1.0413454E7,-8.83,0.26,-20.07,1498745047,0.0203242158,3855.47269516,211645.0
BITBTC,361,2467.21,0.980201,98372.3,238935.0,97.0,97.0,0.48,-3.98,-5.08,1498745043,2163.06222004,86245.3563452,209480.0
DP,362,0.0103402,4.11E-6,636.971,236429.0,2.2865043E7,2.2865043E7,-1.01,14.74,-14.81,1498745043,0.0090655015,558.447763004,207283.0
RAIN,363,0.00648101,2.57E-6,5835.83,232866.0,3.5930473E7,3.5930473E7,-4.71,-8.71,-13.97,1498745054,0.005682057,5116.41222092,204159.0
EL,364,0.0192577,7.65E-6,4513.91,215859.0,1.1208967E7,2.0935289E7,-0.27,-4.49,-13.36,1498745048,0.0168836878,3957.45323084,189249.0
KURT,365,0.02153,8.55E-6,4555.14,213567.0,9919485.0,2.1319485E7,-2.07,12.74,-8.69,1498745051,0.0188758677,3993.60056136,187239.0
BTX,366,1.53621,6.1032E-4,7480.37,212753.0,138492.0,1.640083E7,-8.91,23.11,42.95,1498745054,1.346832176,6558.21990788,186526.0
NRO,367,0.0188527,7.49E-6,2862.77,212385.0,1.1265495E7,1.3265495E7,0.75,-7.19,-1.18,1498745055,0.0165286146,2509.85916548,186203.0
BITSILVER,368,18.6285,0.00740091,1902.89,201007.0,10790.0,10790.0,-0.52,-0.15,2.06,1498745044,16.332053034,1668.30933236,176228.0
USNBT,369,0.993074,3.9454E-4,216103.0,195409.0,196772.0,838087.0,0.28,-0.41,6.3,1498745043,0.8706518096,189462.686572,171320.0
MSCN,370,0.0177275,7.04E-6,5875.64,192562.0,1.086234E7,1.003188355E9,0.12,-2.66,-81.68,1498745052,0.0155421247,5151.31460336,168824.0
TSTR,371,0.0382591,1.52E-5,566.616,192361.0,5027857.0,2.55027857E8,0.66,0.0,35.54,1498745053,0.0335426712,496.765845984,168648.0
DIBC,372,0.036919,1.467E-5,1211.39,184595.0,5000000.0,5.0E9,-2.5,-7.63,-31.47,1498745053,0.0323677734,1062.05468636,161839.0
TEK,373,1.26494E-4,5.0E-8,530.278,178869.0,1.414054562E9,1.414054562E9,0.63,-16.95,-23.5,1498745043,1.109003E-4,464.907449272,156819.0
XVS,374,0.00165422,6.6E-7,1879.3,172690.0,1.04393814E8,1.04393814E8,0.74,-10.6,74.69,1498745054,0.0014502944,1647.6274132,151402.0
GLT,375,0.00850499,3.38E-6,11080.4,170637.0,2.00632E7,2.00632E7,1.49,-2.42,200.57,1498745055,0.0074565289,9714.4526096,149602.0
ENT,376,0.04996,1.985E-5,5364.85,168726.0,3377231.0,3377231.0,-5.78,58.74,58.25,1498745052,0.043801131,4703.4927514,147927.0
UNIFY,377,0.0251707,1.0E-5,12414.2,158017.0,6277820.0,6277820.0,9.2,134.87,0.0,1498745055,0.0220677568,10883.8270808,138537.0
SUMO,378,0.241637,9.6E-5,3067.28,157874.0,653351.0,9542240.0,0.66,-5.46,-14.9,1498745054,0.2118489572,2689.15799072,138412.0
QTL,379,0.0205404,8.16E-6,307730.0,154138.0,7504149.0,7504149.0,-7.53,-9.73,-11.46,1498745043,0.0180082616,269794.27652,135137.0
8BIT,380,0.129371,5.14E-5,29572.7,150642.0,1164415.0,1164415.0,0.67,-3.04,15.55,1498745044,0.1134226606,25927.0958348,132071.0
DBTC,381,0.00802561,3.19E-6,1332.37,144426.0,1.7995598E7,2.5995598E7,1.29,277.61,435.47,1498745048,0.0070362449,1168.12075588,126621.0
BITGOLD,382,1355.22,0.538417,1115.95,135949.0,100.0,100.0,-0.71,-2.24,3.66,1498745046,1188.15389928,978.3801478,119190.0
BITEUR,383,1.15706,4.5969E-4,16696.9,131854.0,113956.0,113956.0,-0.14,0.53,3.1,1498745045,1.0144222714,14638.5729556,115600.0
MAR,384,0.140653,5.588E-5,1653.97,129470.0,920496.0,920496.0,2.51,26.61,50.58,1498745052,0.1233138608,1450.07519428,113510.0
FOOT,385,0.032139,1.277E-5,6432.71,127842.0,3977794.0,3977794.0,-0.87,-19.32,0.0,1498745047,0.0281770326,5639.71124204,112082.0
COXST,386,0.00441816,1.76E-6,1560.84,119904.0,2.7138905E7,2.7138905E7,0.58,85.89,71.06,1498745048,0.0038735069,1368.42588816,105123.0
CJ,387,2.7946E-4,1.1E-7,1485.6,113620.0,4.06568581E8,4.06568581E8,-9.95,-17.01,-7.15,1498745048,2.450093E-4,1302.4611744,99613.0
XCT,388,7.54899E-4,3.0E-7,39660.7,104290.0,1.381505E8,1.381505E8,13.57,63.13,41.56,1498745047,6.618381E-4,34771.4875468,91433.0
BIGUP,389,5.0341E-5,2.0E-8,545.17,104084.0,2.067574674E9,2.067574674E9,-6.99,49.15,45.15,1498745057,4.41352E-5,477.96362308,91253.0
DUO,390,0.346345,1.376E-4,953.394,101072.0,291826.0,291826.0,72.2,-8.13,259.03,1498745046,0.3036489738,835.863401256,88613.0
808,391,3.03736E-4,1.2E-7,1203.67,93431.0,3.07607131E8,3.07607131E8,0.75,-4.08,0.44,1498745049,2.662926E-4,1055.28637708,81914.0
KNC,392,45.3066,0.0179999,3142.65,90744.0,2003.0,2503.0,0.66,18.17,0.0,1498745055,39.7213835784,2755.2366786,79557.0
GCC,393,0.0125601,4.99E-6,669.535,90040.0,7168756.0,8.67168756E8,4.43,-2.01,-46.02,1498745052,0.0110117411,586.99740334,78940.0
BOLI,394,0.0126941,5.04E-6,941.547,86368.0,6803825.0,6803825.0,0.57,20.49,8.48,1498745046,0.0111292221,825.476852028,75721.0
ICOB,395,8.13176E-4,3.2E-7,569.816,84950.0,1.04467302E8,1.04467302E8,-4.1,-2.81,-24.32,1498745051,7.129309E-4,499.571362784,74478.0
OHM,396,0.00302046,1.2E-6,2079.08,84940.0,2.8121598E7,3.1221598E7,-0.5,-12.49,-9.7,1498745055,0.0026481098,1822.77933392,74469.0
VLTC,397,0.00266412,1.06E-6,892.116,79492.0,2.983801E7,5.2983801E8,2.3,-3.43,-37.16,1498745051,0.0023356979,782.139507984,69693.0
GP,398,0.0642607,2.553E-5,1138.68,78408.0,1220161.0,1220161.0,-8.86,-42.4,83.59,1498745046,0.0563388979,998.30808432,68743.0
ALL,399,0.0118911,4.72E-6,1325.4,73717.0,6199359.0,7323359.0,-9.96,12.0,34.46,1498745052,0.0104252128,1162.0099896,64630.0
GPU,400,0.00168516,6.7E-7,1691.37,68210.0,4.0477042E7,5.1530001E7,0.65,5.65,24.25,1498745049,0.0014774202,1482.86467188,59802.0
MOJO,401,0.00517775,2.06E-6,1249.29,62484.0,1.2067704E7,1.2067704E7,1.61,-0.29,-11.81,1498745047,0.0045394577,1095.28252596,54781.0
LINX,402,0.03174,1.261E-5,4542.36,61998.0,1953300.0,2953300.0,-28.63,13.2,-30.24,1498745055,0.0278272198,3982.39602864,54355.0
NEVA,403,0.0282202,1.121E-5,638.654,54177.0,1919810.0,1919810.0,-18.26,21.33,20.48,1498745047,0.0247413266,559.923289496,47499.0
FRC,404,0.00171159,6.8E-7,22219.5,47938.0,2.80081E7,1.0E8,0.66,-38.73,-54.32,1498745040,0.001500592,19480.368918,42029.0
AMMO,405,6.04092E-4,2.4E-7,642.852,46985.0,7.7777777E7,7.7777777E7,0.75,-11.46,-66.95,1498745055,5.29622E-4,563.603776848,41193.0
$$$,406,9.87659E-4,3.9E-7,671.625,45321.0,4.5887218E7,4.5887218E7,-0.8,77.13,14.49,1498745046,8.659043E-4,588.8297565,39734.0
CREVA,407,0.0011814,4.7E-7,4686.49,42992.0,3.639075E7,6.2403908E9,0.7,-6.0,-17.39,1498745045,0.0010357617,4108.75825876,37692.0
CNNC,408,0.0165118,6.56E-6,3024.25,40667.0,2462895.0,2462895.0,0.66,11.45,24.48,1498745054,0.0144762913,2651.432557,35654.0
PRX,409,0.00335226,1.33E-6,11478.1,39630.0,1.1821728E7,1.1821728E7,-2.68,87.73,101.05,1498745051,0.0029390068,10063.1257444,34744.0
CAT,410,0.00687154,2.73E-6,577.158,39426.0,5737600.0,5737600.0,0.3,45.82,0.0,1498745041,0.006024444,506.008270392,34566.0
LVPS,411,0.0755366,3.001E-5,9909.91,36314.0,480752.0,9.1480752E7,-7.13,-13.08,-5.63,1498745052,0.0662247501,8688.25593484,31838.0
IMX,412,3.31642E-4,1.3E-7,1493.74,36276.0,1.09383842E8,1.09383842E8,4.06,-2.64,22.08,1498745053,2.907585E-4,1309.59770776,31804.0
GBC,413,0.00251923,1.0E-6,277220.0,28623.0,1.1361817E7,1.1361817E7,0.67,-0.9,-35.25,1498745046,0.0022086694,243045.42728,25094.0
CWXT,414,5.00222E-4,2.0E-7,720.516,27859.0,5.569291E7,5.569291E7,-1.78,-16.66,-24.74,1498745052,4.385566E-4,631.693669584,24424.0
XRC,415,0.0373894,1.485E-5,1249.14,26355.0,704882.0,704882.0,0.69,10.4,-37.83,1498745051,0.0327801843,1095.15101736,23106.0
BRIA,416,0.699106,2.7775E-4,538775.0,23477.0,33582.0,33582.0,0.68,0.0,0.0,1498745055,0.6129230087,472356.9731,20583.0
LTCR,417,5.78921E-4,2.3E-7,709.831,17499.0,3.022775E7,3.022775E7,0.66,-12.23,51.49,1498745046,5.075539E-4,622.325873644,15342.0
EBT,418,0.0112009,4.45E-6,1867.65,10604.0,946730.0,8.1094673E8,0.66,1.2,9.93,1498745053,0.0098200979,1637.4135786,9297.0
ONX,419,0.011075,4.4E-6,1615.17,9691.0,875043.0,1.00875043E8,0.98,8.24,0.0,1498745056,0.0097097183,1416.05830308,8496.0
BOAT,420,5.09923E-4,2.0E-7,1263.23,1809.0,3547845.0,1.8547845E7,22.07,-26.6,46.28,1498745051,4.470617E-4,1107.50405852,1586.0
DMB,421,0.00248567,9.9E-7,8077.18,1047.0,421300.0,1.04213E7,13.63,5.58,-2.26,1498745054,0.0021792465,7081.45755832,918.0
GOOD,422,0.00270222,1.07E-6,3206.34,0.0,0.0,8.88E8,117.81,-8.28,0.0,1498745055,0.0023691011,2811.07523016,0.0
VERI,423,89.9961,0.0357609,0.0,1.7704714E8,1967276.0,1.0E8,0.14,-4.86,-8.08,1498744754,78.9017407764,0.0,1.55221477E8
JINN,424,238.945,0.0945933,0.0,1.4026788E7,58703.0,1000000.0,0.0,0.0,27.04,1498645793,209.48881618,0.0,1.2297622E7
DEX,425,8.7307,0.00346863,87.307,8730700.0,1000000.0,1000000.0,0.08,0.0,0.0,1498745043,7.6544142268,76.544142268,7654414.0
BPC,426,0.0845728,3.36E-5,403.364,6342960.0,7.5E7,1.0E8,0.66,0.46,-15.18,1498745051,0.0741470035,353.638899536,5561025.0
JNS,427,0.232778,9.248E-5,484.521,4926655.0,2.1164606E7,2.5201489E7,-1.09,8.6,4.47,1498745051,0.2040820593,424.791189204,4319316.0
MED,428,0.0712054,2.78E-5,0.0,3571203.0,5.0153548E7,5.0153548E7,0.0,0.89,-27.87,1498729745,0.0624274831,0.0,3130960.0
ARC,429,1.25026,4.9867E-4,0.0,2720054.0,2175591.0,2175591.0,0.0,0.0,0.0,1498650727,1.0961329482,0.0,2384737.0
PANGEA,430,1.97085,7.8555E-4,0.0,1969573.0,999352.0,1000000.0,0.0,0.0,-5.05,1498647500,1.7278914954,0.0,1726772.0
EB3,431,0.244708,9.6E-5,0.0,1601790.0,6545721.0,7.86E8,0.0,0.41,4.0,1498679953,0.2145413766,0.0,1404328.0
AC,432,0.00176307,7.0E-7,243.866,1550902.0,8.79659799E8,8.79659799E8,-0.32,-9.12,4.47,1498745042,0.0015457258,213.803174984,1359713.0
CARBON,433,1.00682E-4,4.0E-8,4.55485,1549693.0,1.5391955749E10,1.5391955749E10,0.75,-16.78,56.86,1498745044,8.82703E-5,3.9933463114,1358653.0
BTSR,434,0.433585,1.7226E-4,208.846,1429889.0,3297830.0,3297830.0,-0.74,-2.32,56.17,1498745047,0.3801343755,183.100300504,1253618.0
CAGE,435,1.25953E-5,5.0E-9,252.555,1274245.0,1.01168328395E11,1.01168328395E11,1.87,37.46,-25.89,1498745042,1.10426E-5,221.42102982,1117162.0
NKA,436,1.34997E-4,5.0E-8,268.848,1116710.0,8.272110732E9,8.272110732E9,0.85,6.97,36.55,1498745044,1.183551E-4,235.705493952,979047.0
CASINO,437,0.889701,3.5347E-4,3.5588,889701.0,1000000.0,1000000.0,0.59,-21.74,-12.22,1498745052,0.7800222195,3.1200853712,780022.0
CRYPT,438,0.143447,5.699E-5,132.362,866652.0,6041615.0,6041615.0,-1.15,13.67,43.09,1498745042,0.1257634276,116.044942088,759814.0
HTC,439,7.55115E-5,3.0E-8,392.088,830348.0,1.0996318099E10,2.0996318099E10,0.66,48.71,-3.7,1498745047,6.62027E-5,343.752959712,727986.0
NYC,440,1.31026E-5,5.0E-9,54.1162,782486.0,5.9719935819E10,5.9719935819E10,0.91,324.25,53.0,1498745042,1.14874E-5,47.4449713288,686025.0
CFT,441,0.0166629,6.62E-6,105.594,766493.0,4.6E7,5.0E7,0.75,1.33,8.41,1498745055,0.0146087643,92.576794056,672003.0
TRC,442,0.036158,1.437E-5,327.302,740088.0,2.046816E7,2.046816E7,1.01,-0.63,-2.16,1498745040,0.0317005864,286.953518648,648853.0
V,443,0.00166125,6.6E-7,190.984,734804.0,4.4232006E8,4.4232006E8,0.66,-1.47,4.98,1498745054,0.0014564577,167.440256416,644220.0
HPC,444,0.0606499,2.41E-5,300.127,700890.0,1.1556323E7,1.1556323E7,0.52,-2.22,-18.61,1498745054,0.0531732229,263.128543948,614487.0
LOG,445,0.0722806,3.013E-5,0.0,580789.0,8035193.0,8035193.0,0.0,0.0,-23.87,1498560331,0.0633701368,0.0,509191.0
FUNK,446,1.29527E-5,5.0E-9,133.578,575787.0,4.4453045E10,4.4453045E10,0.71,-13.22,-5.28,1498745046,1.13559E-5,117.111038472,504806.0
SDC,447,0.0850511,3.379E-5,34.0476,567850.0,6676571.0,6676571.0,0.66,24.75,-37.09,1498745043,0.0745663406,29.8503480624,497847.0
KOBO,448,0.0192381,7.64E-6,53.0764,475186.0,2.4700248E7,2.4700248E7,0.66,18.58,42.85,1498745044,0.016866504,46.5333537136,416607.0
BRIT,449,0.0217943,8.55E-6,0.0,463523.0,2.1268092E7,2.1268092E7,0.0,0.37,22.13,1498679943,0.0191075859,0.0,406382.0
RAREPEPEP,450,23.949,0.0101465,0.0,431058.0,17999.0,100000.0,0.0,0.0,-15.32,1498556716,20.996663076,0.0,377919.0
RC,451,0.0523546,2.08E-5,9.42383,430169.0,8216446.0,8216446.0,0.62,5.1,-18.03,1498745046,0.0459005343,8.2620979329,377139.0
I0C,452,0.0201867,8.02E-6,2.53966,423452.0,2.0976785E7,2.0976785E7,0.66,-4.31,0.77,1498745041,0.0176981644,2.2265808738,371251.0
NOBL,453,1.75914E-4,7.0E-8,482.104,403579.0,2.294185394E9,2.294185394E9,0.67,-13.36,-9.43,1498745041,1.54228E-4,422.672147296,353828.0
UNIBURST,454,0.401238,1.5941E-4,81.4513,401238.0,999999.0,1000000.0,0.59,-7.15,-6.97,1498745052,0.3517749843,71.4103095412,351775.0
NET,455,5.0676E-4,2.0E-7,235.42,398884.0,7.87126712E8,7.87126712E8,2.59,-4.12,-14.13,1498745041,4.442887E-4,206.39836408,349711.0
GREV2,456,1.25852E-4,5.0E-8,53.4873,394718.0,3.136364641E9,3.136364641E9,0.66,-0.87,-3.27,1498745043,1.103375E-4,46.8935996052,346059.0
USC,457,0.0379109,1.506E-5,375.544,392117.0,1.0343113E7,3.8602656E7,0.66,-37.74,-55.71,1498745053,0.0332373959,329.248437856,343778.0
SHORTY,458,0.00390143,1.55E-6,8.29365,390143.0,1.0E8,1.0E8,0.66,-2.01,-1.77,1498745051,0.0034204773,7.2712420026,342048.0
UNI,459,0.0945404,3.756E-5,124.742,375819.0,3975224.0,1.5175224E7,0.75,-16.05,-35.46,1498745053,0.0828858376,109.364305208,329490.0
ELE,460,0.0149513,5.94E-6,431.361,374705.0,2.506172E7,2.506172E7,0.75,13.23,2.38,1498745049,0.0131081635,378.184541364,328513.0
ATOM,461,0.0331043,1.315E-5,275.049,362574.0,1.0952489E7,1.0952489E7,0.78,-3.01,-24.84,1498745050,0.0290233343,241.142059476,317878.0
ORB,462,0.121806,4.839E-5,55.8736,362415.0,2975346.0,2975346.0,0.65,-1.98,-2.46,1498745041,0.1067902435,48.9857260864,317738.0
WGO,463,0.159547,6.339E-5,153.363,358502.0,2247000.0,1.0E7,0.01,26.81,47.19,1498745054,0.139878684,134.457022812,314307.0
METAL,464,0.00458103,1.82E-6,0.916206,352398.0,7.6925527E7,7.6925527E7,0.75,0.0,132.46,1498745048,0.0040162989,0.8032597891,308956.0
BITZ,465,0.172815,6.866E-5,13.8635,344056.0,1990891.0,1990891.0,0.62,0.0,0.0,1498745044,0.1515110581,12.154463174,301642.0
SMC,466,0.0148877,5.91E-6,166.219,342117.0,2.2979854E7,2.2979854E7,0.62,4.79,6.3,1498745041,0.0130524039,145.728186556,299942.0
DEM,467,0.0121848,4.84E-6,411.963,338657.0,2.7793416E7,2.7793416E7,-16.71,-23.0,-12.87,1498745041,0.0106827066,361.177849212,296909.0
BTX,468,0.00407846,1.6E-6,0.0,332180.0,8.1447348E7,8.1447348E7,0.0,0.41,-51.43,1498679945,0.0035756838,0.0,291230.0
TALK,469,0.00500893,1.99E-6,36.0548,327036.0,6.5290635E7,6.5290635E7,0.66,-55.07,-14.15,1498745042,0.0043914491,31.6101084752,286721.0
AMBER,470,0.00740012,2.94E-6,35.5279,322965.0,4.3643263E7,4.3643263E7,0.66,0.0,68.16,1498745044,0.0064878628,31.1481625996,283152.0
PSB,471,0.00968635,3.8E-6,0.0,317859.0,3.2815153E7,3.2815153E7,0.0,0.42,12.85,1498679952,0.0084922555,0.0,278675.0
FC2,472,0.00312114,1.24E-6,5.07107,316634.0,1.01448077E8,1.01448077E8,0.66,0.0,-13.23,1498745043,0.0027363783,4.4459287747,277600.0
J,473,0.128875,5.12E-5,193.428,315538.0,2448402.0,2448402.0,0.47,6.37,-15.0,1498745047,0.1129878055,169.582969872,276640.0
MXT,474,0.113015,4.49E-5,18.5586,308323.0,2728161.0,2728161.0,0.72,370.34,0.0,1498745048,0.0990829629,16.2707700264,270314.0
HODL,475,0.00286944,1.14E-6,44.8828,292199.0,1.018313E8,2.5E8,0.66,6.45,1.43,1498745047,0.0025157069,39.3498279472,256178.0
NYAN,476,9.56166E-4,3.8E-7,119.243,284833.0,2.97891209E8,2.97891209E8,-4.26,-7.9,-10.62,1498745041,8.382937E-4,104.543199932,249720.0
AGLC,477,0.0537931,1.98E-5,0.0,273681.0,5087659.0,2.05087659E8,0.0,0.0,10.06,1498235086,0.0471617018,0.0,239943.0
REE,478,0.0215985,8.58E-6,495.592,267124.0,1.2367704E7,6.662367704E9,4.52,-12.1,-33.88,1498745048,0.0189359233,434.497400608,234194.0
UTC,479,0.005759,2.29E-6,61.0227,249736.0,4.3364407E7,4.3364407E7,-0.26,4.99,0.16,1498745041,0.0050490535,53.5000656348,218949.0
MNM,480,0.0253984,1.009E-5,210.851,239669.0,9436367.0,9586367.0,0.75,0.0,-17.11,1498745050,0.0222673868,184.858132124,210123.0
XPY,481,0.0204352,8.12E-6,10.1286,239435.0,1.1716776E7,1.1766776E7,0.66,3.24,-2.3,1498745044,0.0179160303,8.8799867064,209918.0
NEWB,482,0.00978831,3.84E-6,0.0,234919.0,2.4E7,5.1E7,0.0,0.46,4.92,1498679948,0.0085816463,0.0,205960.0
LOT,483,1.55358E-5,6.0E-9,7.25378,225130.0,1.4491014421E10,1.4491014421E10,0.83,35.46,-14.97,1498745041,1.36206E-5,6.3595630167,197376.0
Q2C,484,9.06138E-4,3.6E-7,25.623,224498.0,2.47752215E8,2.47752215E8,0.66,-0.88,38.85,1498745041,7.944329E-4,22.464299052,196823.0
SUPER,485,0.00518554,2.06E-6,79.6355,222406.0,4.2889576E7,4.2889576E7,-10.06,-45.69,-17.13,1498745043,0.0045462874,69.818354102,194988.0
MTM,486,0.0732678,2.911E-5,75.3925,219803.0,3000000.0,5000000.0,0.59,-3.21,-14.57,1498745052,0.0642356387,66.09841417,192707.0
CNO,487,0.00198994,7.9E-7,93.7424,208958.0,1.05007303E8,1.05007303E8,0.75,-7.36,41.03,1498745042,0.0017446282,82.1862118976,183199.0
CCN,488,0.044321,1.761E-5,157.271,208217.0,4697921.0,4697921.0,0.69,4.28,-34.09,1498745042,0.0388572844,137.883260204,182548.0
SLG,489,0.0524576,2.084E-5,1.94956,203596.0,3881156.0,3881156.0,0.57,0.1,39.95,1498745043,0.0459908369,1.7092260414,178498.0
STS,490,3.52387E-4,1.4E-7,35.5255,199146.0,5.65134332E8,5.65134332E8,0.66,48.05,8.51,1498745047,3.089461E-4,31.146058462,174596.0
FLY,491,0.931107,3.6992E-4,3.89073,196283.0,210806.0,210806.0,0.75,22.23,-5.77,1498745056,0.8163238535,3.4110963685,172086.0
WYV,492,0.178685,7.099E-5,93.1153,195468.0,1093926.0,1093926.0,0.66,-0.85,-24.7,1498745053,0.1566574279,81.6364182772,171372.0
TOR,493,0.650539,2.5845E-4,381.839,193603.0,297605.0,1297605.0,0.74,-24.0,5.0,1498745054,0.5703431542,334.767415436,169737.0
ADCN,494,0.00756852,2.97E-6,0.0,188691.0,2.4931054E7,2.1E8,0.0,0.41,-24.67,1498679947,0.0066355031,0.0,165430.0
MI,495,4.40762E-4,1.7E-7,0.0,179012.0,4.06141855E8,4.06141855E8,0.0,6.6,-6.28,1498728845,3.864266E-4,0.0,156944.0
FUND,496,0.177789,7.063E-5,74.6713,177789.0,1000000.0,1000000.0,0.12,-2.39,0.0,1498745046,0.1558718832,65.4661208212,155872.0
BUCKS,497,0.806811,3.2054E-4,290.452,176258.0,218463.0,218463.0,-16.12,12.72,7.34,1498745046,0.7073505672,254.646239248,154530.0
PRC,498,0.0169511,6.65E-6,0.0,175569.0,1.03574E7,7.903574E8,0.0,0.4,-19.37,1498679952,0.0148614362,0.0,153926.0
CORG,499,1.36923E-4,5.0E-8,42.4774,171408.0,1.251855418E9,1.251855418E9,0.88,-5.3,-5.67,1498745042,1.200437E-4,37.2409560376,150277.0
FRN,500,0.0478241,1.9E-5,471.081,169219.0,3538360.0,3538360.0,0.59,-0.57,15.18,1498745047,0.0419285362,413.008018644,148358.0
KIC,501,0.0114786,4.56E-6,236.697,168747.0,1.4701E7,1.4701E7,0.66,-1.81,-65.42,1498745055,0.0100635641,207.517940628,147944.0
XGR,502,0.00953962,3.79E-6,227.191,163808.0,1.7171382E7,1.7171382E7,-12.55,-0.63,109.83,1498745042,0.0083636138,199.183802284,143615.0
PIP,503,0.0228279,9.07E-6,471.804,159795.0,6999979.0,6999979.0,-7.85,-14.93,-11.35,1498745050,0.0200137678,413.641890096,140096.0
PXC,504,0.00271659,1.08E-6,483.612,159020.0,5.8536475E7,5.8536475E7,-1.96,-7.68,-2.94,1498745040,0.0023816997,423.994247088,139416.0
TRK,505,0.00123335,4.9E-7,32.5024,157597.0,1.27779272E8,1.27779272E8,0.66,-10.05,-13.21,1498745044,0.0010813075,28.4956341376,138169.0
PAK,506,0.00414269,1.65E-6,162.005,156424.0,3.775915E7,3.775915E7,1.03,-2.94,20.61,1498745047,0.0036319957,142.03367162,137141.0
LANA,507,2.011E-4,8.0E-8,16.3772,153075.0,7.61187056E8,7.61187056E8,0.67,11.23,-24.9,1498745048,1.763092E-4,14.3582842928,134204.0
VIDZ,508,0.00121414,4.8E-7,421.251,152035.0,1.25219921E8,1.25219921E8,2.15,-21.12,32.34,1498745051,0.0010644657,369.320861724,133292.0
BERN,509,0.00211635,8.4E-7,122.939,150757.0,7.1234301E7,7.1234301E7,-0.26,8.36,3.2,1498745047,0.0018554548,107.783571836,132172.0
HBN,510,0.00289456,1.15E-6,259.588,148971.0,5.146591E7,5.146591E7,-0.2,-24.51,-7.33,1498745041,0.0025377302,227.587029712,130607.0
LTBC,511,2.98627E-4,1.2E-7,0.0,147481.0,4.93863915E8,4.93863915E8,0.0,0.42,0.0,1498709045,2.618135E-4,0.0,129300.0
TSE,512,0.00162411,6.5E-7,203.805,146620.0,9.0277216E7,9.0277216E7,0.75,-13.95,9.97,1498745052,0.0014238962,178.68073482,128545.0
KLC,513,7.39221E-4,2.9E-7,0.0,145108.0,1.96297971E8,1.0025186872E10,0.0,0.4,21.19,1498679947,6.480928E-4,0.0,127219.0
CSC,514,0.00374701,1.5E-6,0.0,144639.0,3.8601187E7,3.8601187E7,0.0,0.0,0.0,1498085345,0.0032850936,0.0,126809.0
GAIA,515,0.00586472,2.33E-6,26.8301,141348.0,2.4101381E7,2.4101381E7,0.66,4.99,-2.56,1498745043,0.0051417408,23.5225925924,123923.0
JWL,516,0.00677086,2.69E-6,0.503385,136647.0,2.018163E7,2.018163E7,0.0,54.18,30.97,1498745049,0.0059361755,0.4413297107,119802.0
AU,517,0.453195,1.8005E-4,84.2771,134243.0,296216.0,296216.0,0.75,-18.42,-23.18,1498745044,0.3973269332,73.8877562204,117694.0
MILO,518,0.0125852,5.0E-6,0.276875,133186.0,1.0582733E7,1.0582733E7,0.75,281.31,419.39,1498745053,0.0110337469,0.2427429575,116767.0
QCN,519,0.0226534,9.0E-6,107.354,132064.0,5829786.0,5829786.0,2.96,-7.52,-37.4,1498745043,0.0198607795,94.119828296,115784.0
CAP,520,8.7294E-4,3.5E-7,47.9687,130273.0,1.49234309E8,1.49234309E8,0.67,1.1,-15.12,1498745040,7.653274E-4,42.0553105388,114213.0
TTC,521,1.02294E-4,4.0E-8,195.303,128872.0,1.259816434E9,1.259816434E9,-10.48,-8.9,-13.82,1498745044,8.96836E-5,171.226827372,112985.0
RED,522,0.00172953,6.9E-7,27.7437,128172.0,7.4107896E7,7.4107896E7,1.06,8.1,13.38,1498745041,0.0015163205,24.3235676388,112371.0
PUTIC,523,0.0037504,1.49E-6,10.0682,128035.0,3.4139158E7,8.4139158E7,0.75,36.01,108.76,1498745055,0.0032880657,8.8270325768,112252.0
MAC,524,0.00651055,2.59E-6,41.7021,127804.0,1.96303E7,1.96303E7,11.57,10.93,-10.12,1498745044,0.0057079554,36.5612319204,112049.0
VC,525,0.0126318,4.95E-6,0.0,127130.0,1.0064287E7,1.0064287E7,0.0,0.48,152.84,1498704843,0.0110746022,0.0,111458.0
EMD,526,0.00656787,2.61E-6,128.598,125559.0,1.9117129E7,1.9117129E7,-2.24,-13.79,-0.91,1498745040,0.0057582093,112.744952952,110080.0
ADK,527,0.624501,2.5E-4,0.0,124900.0,200000.0,2.5E7,0.0,0.0,0.0,1497911102,0.5475150147,0.0,109503.0
RBT,528,0.0010695,4.2E-7,26.8645,123527.0,1.15499623E8,3.93459356E8,0.61,5.24,6.59,1498745043,9.376563E-4,23.552751898,108299.0
CUBE,529,5.0098E-5,2.0E-8,376.165,121694.0,2.429126009E9,2.429126009E9,0.51,-30.03,-26.0,1498745046,4.39221E-5,329.79288346,106692.0
YAC,530,0.00100682,4.0E-7,11.385,117481.0,1.16685075E8,1.16685075E8,0.66,-5.6,-3.43,1498745040,8.827033E-4,9.98150274,102998.0
CHESS,531,0.00215349,8.6E-7,60.2447,116359.0,5.4032769E7,5.4032769E7,0.75,-14.2,9.53,1498745050,0.0018880164,52.8179743628,102015.0
GUN,532,6.29262E-4,2.5E-7,97.6865,116082.0,1.84473778E8,1.84473778E8,0.66,-4.63,-13.82,1498745042,5.516891E-4,85.644099026,101772.0
CACH,533,0.0291523,1.158E-5,98.4874,115391.0,3958196.0,3958196.0,-1.63,-3.26,-12.26,1498745042,0.0255585211,86.3462672776,101166.0
UNITS,534,0.0312783,1.243E-5,18.7301,108629.0,3472983.0,3472983.0,-9.75,-13.33,-23.28,1498745051,0.0274224363,16.4211281924,95238.0
ARG,535,0.0139021,5.52E-6,57.9712,106481.0,7659334.0,7659334.0,0.66,197.71,109.3,1498745040,0.0121883047,50.8247423488,93354.0
FLT,536,3.23304E-4,1.3E-7,427.061,104173.0,3.22214524E8,3.22214524E8,-24.61,-49.37,-35.96,1498745041,2.834484E-4,374.414628164,91331.0
C2,537,0.00103807,4.1E-7,421.967,103782.0,9.9976323E7,9.9976323E7,0.66,-28.68,-5.12,1498745042,9.101009E-4,369.948596108,90989.0
DRS,538,2.01364E-4,8.0E-8,220.507,102857.0,5.10802961E8,5.10802961E8,0.75,32.19,-10.43,1498745052,1.765407E-4,193.323779068,90177.0
HMP,539,7.55115E-5,3.0E-8,77.2922,102442.0,1.35664547E9,2.85664547E9,0.62,48.71,8.28,1498745047,6.62027E-5,67.7639267528,89814.0
XPD,540,0.00154697,6.1E-7,2.91136,98996.0,6.3993275E7,6.3993275E7,0.59,-7.28,-23.38,1498745043,0.0013562657,2.5524591846,86792.0
PIE,541,0.00133404,5.3E-7,27.0703,98526.0,7.3855023E7,7.3855023E7,0.66,5.78,19.73,1498745052,0.0011695849,23.7331816972,86380.0
VLT,542,0.17647,7.011E-5,91.4202,97915.0,554855.0,554855.0,0.62,-53.63,5.25,1498745049,0.1547154843,80.1502834248,85845.0
BSTY,543,0.00854052,3.39E-6,380.277,97349.0,1.139843E7,1.139843E7,0.74,-12.3,6.1,1498745043,0.0074876789,333.397972548,85348.0
XRA,544,8.99656E-4,3.6E-7,69.2744,96632.0,1.07410165E8,1.07410165E8,1.61,-11.36,13.13,1498745045,7.8875E-4,60.7345290656,84720.0
WAY,545,9.56479E-4,3.8E-7,5.92511,95687.0,1.00040708E8,1.00040708E8,0.66,1.86,-4.28,1498745049,8.385681E-4,5.1946861396,83891.0
888,546,0.00187518,7.4E-7,458.408,92255.0,4.9197703E7,4.9197703E7,0.67,10.63,24.93,1498745042,0.0016440153,401.897295392,80882.0
UNIT,547,0.00702006,2.79E-6,22.9823,91587.0,1.3046431E7,1.3046431E7,0.66,78.37,585.88,1498745045,0.0061546551,20.1491339852,80296.0
JIN,548,0.00913689,3.63E-6,2.51705,89985.0,9848485.0,9848485.0,-7.22,4.55,-1.36,1498745049,0.0080105307,2.2067581442,78892.0
BTD,549,0.00802939,3.19E-6,21.9992,89888.0,1.1194856E7,1.1194856E7,0.66,-1.15,32.87,1498745049,0.0070395589,19.2872266208,78807.0
CON,550,0.00380465,1.51E-6,6.10552,87669.0,2.3042604E7,2.3042604E7,0.66,135.04,71.08,1498745044,0.003335628,5.3528559165,76862.0
KED,551,0.00833143,3.31E-6,1.40526,84443.0,1.0135469E7,1.0135469E7,0.75,-3.48,-6.05,1498745053,0.0073043646,1.2320251682,74033.0
UNIC,552,0.0286944,1.14E-5,5.08293,83981.0,2926732.0,2926732.0,0.75,-0.27,-19.87,1498745056,0.0251570691,4.4563267213,73628.0
BLC,553,0.00659097,2.62E-6,40.93,78504.0,1.1910789E7,1.1910789E7,0.69,4.91,-2.35,1498745041,0.0057784616,35.88431332,68826.0
KUSH,554,0.0144788,5.75E-6,118.738,78318.0,5409133.0,5409133.0,0.47,17.26,-42.14,1498745051,0.0126939115,104.100454312,68663.0
ACP,555,0.0178114,7.08E-6,109.093,78279.0,4394874.0,4394874.0,-17.24,106.07,52.51,1498745045,0.0156156819,95.644451332,68629.0
BLRY,556,0.00868382,3.45E-6,7.5076,78008.0,8983158.0,8983158.0,0.66,-1.38,30.22,1498745048,0.0076133134,6.5820931024,68392.0
POP,557,2.3142E-5,9.0E-9,226.674,77594.0,3.352937733E9,3.352937733E9,1.34,67.35,7.55,1498745043,2.02891E-5,198.730535976,68028.0
PR,558,0.39576,1.5723E-4,5.93578,77077.0,194757.0,194757.0,1.28,-15.05,-6.68,1498745050,0.3469722902,5.2040407847,67575.0
VAL,559,2.51705E-5,1.0E-8,2.76875,76822.0,3.052081581E9,9.22340252081581E14,0.66,-0.84,0.76,1498745048,2.20676E-5,2.427429575,67352.0
EVO,560,0.0308678,1.226E-5,148.272,76219.0,2469220.0,2469220.0,0.62,16.01,-19.35,1498745046,0.0270625411,129.993620928,66823.0
DLC,561,0.00830626,3.3E-6,0.251705,75643.0,9106714.0,9106714.0,0.75,28.32,-48.84,1498745051,0.0072822975,0.2206758144,66318.0
SPACE,562,0.00414186,1.65E-6,45.9315,75409.0,1.820647E7,1.820647E7,-4.45,49.41,74.82,1498745046,0.0036312681,40.269248406,66113.0
BTCR,563,4.45203E-4,1.8E-7,339.233,75300.0,1.69135888E8,1.69135888E8,0.75,-40.28,-21.4,1498745052,3.903202E-4,297.413712692,66017.0
XJO,564,0.00224738,8.9E-7,126.538,73433.0,3.2674848E7,3.2674848E7,0.63,-7.79,27.76,1498745041,0.001970332,110.938901512,64380.0
CCM100,565,0.0296567,1.178E-5,63.9695,73205.0,2468409.0,6000000.0,0.59,-8.57,36.83,1498745051,0.0260007407,56.083595918,64180.0
PHS,566,0.0299277,1.189E-5,12.4614,72701.0,2429219.0,2429219.0,0.66,-1.01,68.74,1498745041,0.0262383329,10.9252084536,63739.0
SPEX,567,2.51705E-5,1.0E-8,2.76875,72154.0,2.866607586E9,2.866607586E9,0.72,-0.84,0.76,1498745047,2.20676E-5,2.427429575,63259.0
FRK,568,0.113267,4.5E-5,5.03405,72145.0,636950.0,636950.0,0.66,0.0,0.76,1498745040,0.0993038973,4.4134724522,63252.0
ZNY,569,9.43144E-4,3.7E-7,0.0,71315.0,7.56145E7,7.56145E7,0.0,0.39,-6.87,1498679945,8.26877E-4,0.0,62524.0
STV,570,0.0100489,3.99E-6,9.68184,71132.0,7078619.0,7078619.0,0.57,-5.24,-6.33,1498745044,0.0088101118,8.4883014922,62363.0
FIRE,571,0.715295,2.8418E-4,164.518,70394.0,98412.0,98412.0,0.66,-0.89,0.52,1498745043,0.6271162936,144.236879032,61716.0
TGC,572,0.00158574,6.3E-7,8.86028,69038.0,4.35368E7,4.35368E7,0.66,-9.82,-18.15,1498745041,0.0013902563,7.7680201227,60527.0
PHO,573,3.5852E-6,1.0E-9,81.033,65387.0,1.82381637E10,1.82381637E10,51.25,-0.8,-47.64,1498745042,3.1432E-6,71.043575892,57326.0
DRM,574,0.0252712,1.004E-5,39.142,61699.0,2441482.0,2441482.0,0.75,0.0,0.0,1498745043,0.0221558675,34.316730808,54093.0
GAP,575,0.00553751,2.2E-6,56.2897,61198.0,1.1051458E7,1.1051458E7,0.66,0.57,8.69,1498745044,0.0048548679,49.3505309428,53653.0
ARI,576,4.2767E-4,1.7E-7,366.909,59986.0,1.40262505E8,1.40262505E8,0.42,-19.8,-32.3,1498745042,3.749486E-4,321.677926116,52591.0
MCRN,577,1.49352E-4,6.0E-8,99.9302,59953.0,4.01421401E8,4.01421401E8,0.79,-13.21,18.35,1498745054,1.309405E-4,87.6112046648,52562.0
MEOW,578,2.4192E-6,1.0E-9,493.256,57833.0,2.3905669976E10,2.3905669976E10,1.09,-9.48,7.07,1498745041,2.121E-6,432.449373344,50704.0
ACOIN,579,0.0469758,1.866E-5,9.04533,57314.0,1220085.0,1220085.0,0.64,-9.9,6.1,1498745043,0.0411848113,7.9302578989,50249.0
CRX,580,7.5896E-4,3.0E-7,98.2323,55958.0,7.3729962E7,7.3729962E7,3.91,6.7,-25.5,1498745058,6.653984E-4,86.1226149852,49060.0
ERY,581,0.0121382,4.82E-6,384.158,55071.0,4536962.0,1.4536962E7,0.75,-12.66,-24.92,1498745053,0.0106418513,336.800538392,48282.0
CYP,582,0.00855797,3.4E-6,31.4893,54474.0,6365285.0,6365285.0,0.75,19.12,0.0,1498745045,0.0075029777,27.6074250532,47759.0
ATX,583,0.00274358,1.09E-6,26.5709,51405.0,1.8736635E7,2.68736635E8,0.75,1.03,-29.14,1498745051,0.0024053624,23.2953457316,45068.0
XPTX,584,0.264491,1.0508E-4,51.2857,51001.0,192826.0,192826.0,9.27,-0.73,13.2,1498745047,0.2318856075,44.9634040468,44713.0
XRE,585,0.00231569,9.2E-7,11.8256,50645.0,2.1870548E7,2.1870548E7,0.66,-0.8,3.63,1498745048,0.002030221,10.3677873344,44402.0
MAD,586,2.51705E-5,1.0E-8,2.76873,50358.0,2.000683485E9,2.000683485E9,0.66,-0.85,0.76,1498745046,2.20676E-5,2.4274120405,44150.0
BUMBA,587,0.00226534,9.0E-7,12.2451,49882.0,2.2019692E7,2.2019692E7,0.66,-6.69,-0.54,1498745047,0.0019860779,10.7355730524,43733.0
VTA,588,9.6067E-6,4.0E-9,13.0177,49712.0,5.174721341E9,1.2640327911E10,-0.72,-37.1,-55.04,1498745043,8.4224E-6,11.4129300148,43584.0
PX,589,6.13347E-4,2.4E-7,0.0,49120.0,8.0084732E7,8.0084732E7,0.0,0.7,2.31,1498702149,5.37736E-4,0.0,43064.0
1CR,590,0.545739,2.1703E-4,0.0,48141.0,88213.0,88213.0,0.0,0.0,361.67,1498654793,0.478462479,0.0,42207.0
HXX,591,0.0343325,1.364E-5,5.20458,47567.0,1385481.0,1385481.0,-11.04,-12.84,-6.61,1498745045,0.0301001267,4.5629801959,41703.0
SPT,592,0.00210505,8.4E-7,21.4494,47166.0,2.2406021E7,2.2406021E7,0.65,-7.73,-39.31,1498745040,0.0018455479,18.8052037656,41351.0
ARCO,593,0.0371595,1.476E-5,3.04199,46767.0,1258556.0,1258556.0,0.77,12.44,27.79,1498745048,0.0325786255,2.6669856408,41002.0
HAL,594,0.00984166,3.91E-6,37.7672,46724.0,4747570.0,4747570.0,0.72,-21.35,23.14,1498745044,0.0086284195,33.1114106528,40964.0
WEX,595,0.253287,9.937E-5,0.0,46387.0,183139.0,1.0000183139E10,0.0,0.06,-1.2,1498679949,0.2220627918,0.0,40668.0
PONZI,596,0.052858,2.1E-5,0.516498,45516.0,861099.0,861099.0,0.62,0.0,-13.74,1498745049,0.0463418772,0.4528261926,39905.0
ZMC,597,7.55115E-5,3.0E-8,143.231,45333.0,6.00344291E8,6.00344291E8,0.62,-25.64,-20.28,1498745050,6.62027E-5,125.574055244,39744.0
EVIL,598,0.00212036,8.4E-7,32.5126,44571.0,2.1020383E7,2.1020383E7,2.45,-12.87,7.59,1498745047,0.0018589705,28.5045767224,39076.0
WORM,599,0.00151023,6.0E-7,418.168,44333.0,2.9354903E7,2.9354903E7,1.6,12.24,-56.38,1498745055,0.0013240549,366.617921632,38868.0
AMS,600,0.00453692,1.8E-6,70.382,43571.0,9603707.0,1.6803707E7,1.05,15.92,17.77,1498745046,0.0039776267,61.705588568,38200.0
WMC,601,0.00374701,1.5E-6,0.0,43194.0,1.1527489E7,9.11527489E8,0.0,0.0,0.0,1498052975,0.0032850936,0.0,37869.0
SONG,602,0.00125852,5.0E-7,36.5184,40984.0,3.25653E7,3.25653E7,0.66,23.91,56.06,1498745044,0.0011033747,32.0165577216,35932.0
OCEAN,603,0.191896,7.624E-5,39.3387,40649.0,211827.0,1000000.0,0.63,-3.35,-3.85,1498745053,0.1682398287,34.4891824188,35638.0
CESC,604,2.80394E-4,1.1E-7,0.0,40406.0,1.441051E8,5.941051E8,0.0,0.4,16.28,1498679942,2.458281E-4,0.0,35425.0
MND,605,0.00319665,1.27E-6,0.237005,40107.0,1.2546625E7,1.2546625E7,0.66,5.37,58.58,1498745046,0.0028025798,0.2077879716,35163.0
BLZ,606,6.58233E-5,3.0E-8,9.2892,40057.0,6.08557394E8,6.08557394E8,-0.07,-25.85,-19.11,1498745044,5.77089E-5,8.1440645808,35119.0
BOB,607,0.00748078,2.97E-6,18.8199,37856.0,5060382.0,5060382.0,0.61,4.01,5.65,1498745043,0.0065585794,16.4998580076,33189.0
SCRT,608,0.00864476,3.44E-6,0.0,36556.0,4228672.0,4228672.0,0.0,0.0,-2.52,1498605036,0.0075790686,0.0,32049.0
XCO,609,0.00294495,1.17E-6,29.4692,36473.0,1.2384976E7,1.2384976E7,0.66,0.0,24.1,1498745049,0.0025819083,25.8363549008,31977.0
MTLMC3,610,4.49268E-4,1.8E-7,463.541,35815.0,7.971914E7,7.971914E7,1.7,10.96,86.07,1498745056,3.93884E-4,406.397519684,31400.0
BIOS,611,0.00168642,6.7E-7,73.2601,34971.0,2.0737003E7,2.0737003E7,0.75,-19.94,18.44,1498745047,0.0014785249,64.2288879124,30660.0
VEC2,612,0.00216466,8.6E-7,3.09655,34538.0,1.5955568E7,1.5955568E7,0.75,-32.1,-24.32,1498745047,0.0018978094,2.7148197022,30281.0
RPC,613,0.0426415,1.694E-5,8.94884,34455.0,808025.0,808025.0,0.66,14.63,2.63,1498745041,0.0373848264,7.8456628002,30208.0
XCRE,614,0.00166844,6.6E-7,112.904,34237.0,2.0520514E7,2.0520514E7,0.66,12.07,13.79,1498745051,0.0014627614,98.985646496,30017.0
PXI,615,0.00220805,8.8E-7,123.453,33633.0,1.5232145E7,1.5232145E7,0.66,-10.52,-6.67,1498745046,0.0019358504,108.234207972,29487.0
B3,616,0.104306,4.144E-5,0.599687,33251.0,318785.0,318785.0,0.66,0.0,-47.41,1498745049,0.0914475735,0.5257599854,29152.0
BVC,617,0.0105464,4.19E-6,1.86314,32855.0,3115258.0,3115258.0,0.62,2.52,-10.04,1498745043,0.009246282,1.6334595534,28805.0
BSTAR,618,5.0341E-5,2.0E-8,6.58347,31755.0,6.30795971E8,6.30795971E8,0.66,2.13,42.25,1498745051,4.41352E-5,5.7718861523,27840.0
ISL,619,0.0209021,8.2E-6,0.0,31640.0,1513704.0,1513704.0,0.0,0.41,77.48,1498679956,0.0183253727,0.0,27739.0
ZYD,620,0.00500893,1.99E-6,212.507,31275.0,6243840.0,6243840.0,13.18,1.93,30.72,1498745049,0.0043914491,186.309987068,27420.0
ARB,621,0.00465654,1.85E-6,7.55115,31086.0,6675810.0,6675810.0,0.66,9.16,0.0,1498745045,0.0040825004,6.6202744326,27254.0
HONEY,622,0.453069,1.8E-4,294.932,30947.0,68306.0,68306.0,10.49,9.75,-22.4,1498745052,0.397216466,258.573962768,27132.0
SFC,623,0.00218983,8.7E-7,45.584,30752.0,1.40431E7,1.40431E7,0.66,-0.48,-11.11,1498745051,0.0019198765,39.964586816,26961.0
URC,624,0.00427898,1.7E-6,0.538951,30057.0,7024402.0,7024402.0,0.62,-3.69,0.0,1498745044,0.0037514845,0.4725112765,26352.0
DOLLAR,625,0.0402728,1.6E-5,138.819,29632.0,735790.0,9528283.0,0.62,-14.26,-1.64,1498745051,0.0353081303,121.705948956,25979.0
LUNA,626,0.0239144,9.5E-6,241.94,29352.0,1227386.0,1227386.0,0.66,-2.43,1.45,1498745051,0.0209663284,212.11460456,25734.0
LEA,627,1.02729E-4,4.0E-8,23.7988,28851.0,2.80845089E8,2.80845089E8,31.22,1.29,0.04,1498745045,9.0065E-5,20.8649791312,25294.0
U,628,0.0106805,4.19E-6,0.0,28729.0,2689812.0,2689812.0,0.0,0.41,-42.99,1498679943,0.0093638507,0.0,25187.0
IMS,629,0.00531101,2.11E-6,421.888,28514.0,5368934.0,5368934.0,0.66,4.24,-15.01,1498745047,0.0046562899,369.879334912,24999.0
FLVR,630,0.00133404,5.3E-7,60.3335,27879.0,2.0898106E7,2.0898106E7,0.66,5.11,-28.79,1498745047,0.0011695849,52.895827454,24442.0
VPRC,631,3.49391E-5,1.0E-8,12.3285,27257.0,7.80124964E8,1.635124964E9,43.41,-6.44,-23.27,1498745048,3.06319E-5,10.808691834,23897.0
ANTI,632,0.00155413,6.2E-7,0.0,27143.0,1.7465159E7,1.7465159E7,0.0,-1.28,21.99,1498740246,0.0013625431,0.0,23797.0
XLR,633,0.1036,4.116E-5,430.437,27101.0,261591.0,327958.0,0.67,4.91,-16.06,1498745053,0.0908286064,377.374448388,23760.0
EUC,634,0.00228458,9.1E-7,6.36189,26984.0,1.1811175E7,1.1811175E7,-0.61,8.21,-7.37,1498745056,0.0020029461,5.5776216484,23657.0
XBTC21,635,0.0328978,1.307E-5,34.8795,26091.0,793108.0,7093108.0,0.75,71.25,93.67,1498745048,0.0288422908,30.579694758,22875.0
SOON,636,0.00208915,8.3E-7,33.2065,26036.0,1.246262E7,1.246262E7,-2.89,-13.39,-9.08,1498745044,0.0018316079,29.112935506,22827.0
URO,637,0.0213697,8.49E-6,2.51987,25800.0,1207310.0,1207310.0,0.62,0.0,0.0,1498745042,0.0187353289,2.2092305059,22619.0
DES,638,0.0159833,6.35E-6,1.59833,25573.0,1600000.0,1600000.0,0.75,-1.31,0.0,1498745047,0.0140129427,1.4012942709,22421.0
RIDE,639,2.51705E-4,1.0E-7,11.1071,25464.0,1.0116565E8,1.0116565E8,-16.11,-6.31,-35.64,1498745052,2.206758E-4,9.7378611404,22325.0
AUM,640,0.00125001,4.9E-7,0.0,25372.0,2.0297336E7,2.0297336E7,0.0,0.47,8.78,1498703945,0.0010959138,0.0,22244.0
DRAGON,641,0.0622791,2.474E-5,0.871907,25110.0,403189.0,1000000.0,0.59,-3.73,8.24,1498745051,0.0546015817,0.7644217927,22015.0
HIRO,642,7.55115E-5,3.0E-8,7.55115,23748.0,3.14489346E8,3.14489346E8,0.66,-0.88,-25.72,1498745042,6.62027E-5,6.6202744326,20820.0
CTO,643,0.00226864,8.9E-7,0.0,23269.0,1.025684E7,1.025684E7,0.0,0.41,23.68,1498679945,0.0019889711,0.0,20401.0
ORLY,644,6.29262E-4,2.5E-7,29.2598,23060.0,3.6646779E7,3.6646779E7,0.75,18.04,25.95,1498745059,5.516891E-4,25.6527688952,20218.0
BIP,645,0.0170958,6.79E-6,134.952,22975.0,1343889.0,1343889.0,0.65,-4.83,-19.2,1498745050,0.0149882982,118.315657248,20143.0
611,646,0.0529084,2.102E-5,41.5589,21957.0,414993.0,414993.0,0.66,-9.35,-41.83,1498745048,0.0463860641,36.4356850436,19250.0
ZUR,647,2.71268E-4,1.1E-7,11.2984,21756.0,8.0201751E7,8.0201751E7,0.61,-10.92,-22.43,1498745048,2.378272E-4,9.9055784416,19074.0
BTQ,648,0.00298238,1.17E-6,0.0,21341.0,7155671.0,7155671.0,0.0,0.39,-21.92,1498679942,0.0026147241,0.0,18710.0
TAJ,649,0.00342511,1.36E-6,125.728,21093.0,6158326.0,6158326.0,0.62,-4.97,-8.3,1498745049,0.0030028761,110.228755072,18493.0
PULSE,650,0.00142722,5.7E-7,4.99002,20408.0,1.4298972E7,1.4298972E7,1.03,-46.36,-11.99,1498745051,0.001251278,4.3748702945,17892.0
ALTC,651,6.45234E-4,2.6E-7,110.037,20333.0,3.1512613E7,3.1512613E7,33.41,176.46,158.3,1498745048,5.656921E-4,96.472078788,17826.0
CMT,652,0.023134,9.19E-6,89.1343,20192.0,872830.0,872830.0,0.66,-3.46,-21.56,1498745049,0.020282133,78.1461800332,17703.0
SLING,653,0.0183493,7.29E-6,118.026,19709.0,1074095.0,1074095.0,0.62,-1.99,-22.76,1498745045,0.0160872717,103.476226824,17279.0
WARP,654,0.0176193,7.0E-6,3.10526,19297.0,1095224.0,1095224.0,0.75,38.72,0.0,1498745047,0.0154472632,2.7224559682,16918.0
MST,655,0.0306577,1.218E-5,2.74022,19287.0,629114.0,629114.0,0.66,-23.47,7.75,1498745049,0.0268783414,2.4024166393,16910.0
GBT,656,8.9041E-4,3.5E-7,0.0,18933.0,2.126278E7,2.226278E7,0.0,0.2,1.84,1498703048,7.806438E-4,0.0,16599.0
GRT,657,4.53069E-4,1.8E-7,12.4594,18841.0,4.1585937E7,1.0041585937E10,0.62,-10.78,-26.23,1498745045,3.972165E-4,10.9234550056,16519.0
VIP,658,2.25365E-4,9.0E-8,0.0,18807.0,8.3450403E7,8.3450403E7,0.0,-1.36,0.24,1498741147,1.975829E-4,0.0,16488.0
G3N,659,0.00241637,9.6E-7,14.4892,18272.0,7561891.0,7561891.0,0.62,-0.87,9.71,1498745045,0.0021184896,12.7030293808,16020.0
XOC,660,0.0427898,1.7E-5,11.0747,17972.0,420000.0,420000.0,0.66,-2.16,55.72,1498745049,0.0375148446,9.7094552828,15756.0
GCC,661,8.80967E-4,3.5E-7,51.6463,17871.0,2.0285537E7,2.3775537E7,0.62,2.05,-18.98,1498745045,7.723649E-4,45.2795507212,15668.0
LEX,662,0.0174451,6.93E-6,61.4766,17446.0,1000043.0,5000000.0,0.63,-51.68,-24.4,1498745053,0.0152945379,53.8980106584,15295.0
STEPS,663,9.29307E-4,3.7E-7,0.0,17308.0,1.8625017E7,1.8625017E7,0.0,-1.06,-22.5,1498739346,8.147458E-4,0.0,15175.0
CPN,664,8.80967E-4,3.5E-7,282.743,17280.0,1.9615019E7,1.9615019E7,0.66,0.0,0.0,1498745045,7.723649E-4,247.887573932,15150.0
EGO,665,2.76875E-4,1.1E-7,0.553751,16613.0,6.0000001E7,6.0000001E7,0.66,21.2,38.55,1498745049,2.42743E-4,0.4854867917,14565.0
GEERT,666,0.00322759,1.28E-6,50.5769,16432.0,5091200.0,5091200.0,-43.63,-12.59,136.87,1498745052,0.0028297056,44.3419820756,14407.0
MAY,667,0.00100682,4.0E-7,40.9798,16042.0,1.59335E7,1.59335E7,0.66,7.17,34.35,1498745054,8.827033E-4,35.9279741752,14065.0
IMPS,668,7.80285E-4,3.1E-7,15.6057,15797.0,2.024551E7,2.024551E7,0.66,2.47,41.98,1498745050,6.840946E-4,13.6818917268,13850.0
DLISK,669,1.51023E-4,6.0E-8,1.61016,15102.0,1.0E8,1.0E8,0.75,-33.87,-13.63,1498745050,1.324055E-4,1.4116659158,13241.0
QBK,670,0.00979235,3.78E-6,0.0,14438.0,1474448.0,2000000.0,0.0,0.0,0.0,1498403397,0.0085851883,0.0,12658.0
TAGR,671,3.52387E-4,1.4E-7,1.8448,13627.0,3.8669634E7,3.8669634E7,0.66,26.17,17.56,1498745045,3.089461E-4,1.6173804352,11947.0
OS76,672,0.0151526,6.02E-6,15.9114,13547.0,894026.0,894026.0,0.62,0.0,0.0,1498745046,0.0132846481,13.9499062536,11877.0
ARGUS,673,0.0114686,4.56E-6,143.452,13170.0,1148324.0,5194373.0,0.28,-14.45,23.36,1498745052,0.0100547969,125.767811248,11546.0
CAB,674,0.00123335,4.9E-7,6.67655,12950.0,1.0499996E7,1.0499996E7,0.66,-2.83,0.76,1498745048,0.0010813075,5.8534916222,11354.0
FLAX,675,0.00233431,9.3E-7,24.2905,12885.0,5519969.0,5519969.0,0.31,-0.82,-15.97,1498745056,0.0020465456,21.296064322,11297.0
ICON,676,0.0212439,8.44E-6,133.818,12595.0,592894.0,592894.0,0.62,36.96,120.32,1498745051,0.018625037,117.321452232,11043.0
CXT,677,0.00419215,1.67E-6,137.006,12358.0,2948003.0,8948003.0,-0.14,-10.45,-45.62,1498745054,0.0036753585,120.116448344,10835.0
ABN,678,0.181676,7.218E-5,31.13,12299.0,67700.0,4734367.0,38.95,-3.86,-51.21,1498745053,0.1592797094,27.29241812,10783.0
IBANK,679,0.0026429,1.05E-6,5.1531,11963.0,4526324.0,4526324.0,0.66,11.91,10.21,1498745051,0.0023170939,4.5178464444,10488.0
XBTS,680,0.00779198,3.1E-6,60.669,11880.0,1524686.0,2524686.0,0.75,-5.61,-6.23,1498745053,0.0068314159,53.189968356,10416.0
420G,681,0.0161777,6.43E-6,278.788,11206.0,692668.0,1760809.0,0.62,-5.89,-41.63,1498745044,0.0141833779,244.420130512,9824.0
FUZZ,682,0.00231569,9.2E-7,5.23099,11185.0,4829945.0,4829945.0,-2.55,-4.62,-14.17,1498745047,0.002030221,4.5861344768,9806.0
PLNC,683,6.54433E-4,2.6E-7,4.0791,11184.0,1.70896E7,1.90896E7,0.66,6.26,-22.95,1498745042,5.737571E-4,3.5762448684,9805.0
SCS,684,0.0420095,1.669E-5,200.994,10999.0,261831.0,476918.0,0.81,-39.83,-8.98,1498745054,0.0368307369,176.216263656,9643.0
HVCO,685,0.00709719,2.81E-6,0.0,10604.0,1494171.0,1694171.0,0.0,-0.46,8.04,1498736957,0.0062222768,0.0,9297.0
CONX,686,0.0139948,5.56E-6,91.7417,10416.0,744266.0,1595266.0,0.75,1.34,77.71,1498745054,0.012269577,80.4321501908,9132.0
CASH,687,2.76875E-4,1.1E-7,7.66565,9921.0,3.5831128E7,3.5831128E7,0.66,-49.86,-26.11,1498745041,2.42743E-4,6.7206593306,8698.0
BSC,688,0.00176193,7.0E-7,10.5887,9779.0,5550102.0,5550102.0,0.66,-2.27,-0.66,1498745045,0.0015447263,9.2833674188,8573.0
CHAO,689,37196.4,14.7778,2.51708,9395.0,0.0,0.0,0.75,30.62,-0.72,1498745047,32610.9765936,2.2067844459,8237.0
BENJI,690,4.78367E-4,1.9E-7,136.094,9301.0,1.94423E7,1.94423E7,-12.99,-5.86,-32.82,1498745051,4.193958E-4,119.316876056,8154.0
REV,691,0.00764712,3.0E-6,0.0,9142.0,1195525.0,1195525.0,0.0,0.42,0.0,1498679947,0.0067044136,0.0,8015.0
SH,692,0.00249188,9.9E-7,97.8654,8752.0,3512100.0,3512100.0,0.62,37.05,47.57,1498745049,0.002184691,85.8009449496,7673.0
DIX,693,8.57E-8,3.0E-11,487.829,8572.0,1.0E11,1.0E11,0.08,1.48,-16.45,1498745051,7.52E-8,427.691392196,7515.0
SCORE,694,5.0341E-4,2.0E-7,235.575,8525.0,1.693526E7,1.693526E7,0.75,-0.85,-27.49,1498745054,4.413516E-4,206.5342563,7474.0
VOLT,695,5.53751E-4,2.2E-7,326.755,8369.0,1.5112554E7,6.0132654E7,0.75,-12.75,-17.47,1498745054,4.854868E-4,286.47395062,7337.0
DPAY,696,1.00682E-4,4.0E-8,36.0254,8008.0,7.9541001E7,7.9541001E7,0.66,-20.66,-19.39,1498745050,8.82703E-5,31.5843327896,7021.0
JOBS,697,7.53493E-5,3.0E-8,0.0,7988.0,1.0601927E8,2.000193E8,0.0,-1.05,-24.59,1498739349,6.60605E-5,0.0,7004.0
JIO,698,0.00390003,1.53E-6,0.0,7442.0,1908128.0,8888888.0,0.0,0.38,-10.79,1498679951,0.0034192499,0.0,6524.0
SDP,699,0.0442245,1.757E-5,45.7163,7019.0,158706.0,158706.0,-8.72,-13.12,-3.39,1498745059,0.0387726805,40.0805774012,6153.0
ZNE,700,0.00266807,1.06E-6,57.3215,6889.0,2581970.0,2581970.0,0.75,-0.84,-33.66,1498745049,0.002339161,50.255134766,6040.0
